id,device,timestamp,value
7cc2ff08-4d05-487b-888a-09d481565977-54,f416bdb2-3848-480a-ab11-77e91a3568b3,1337021280,org.laptop.Matching
7cc2ff08-4d05-487b-888a-09d481565977-66,f416bdb2-3848-480a-ab11-77e91a3568b3,1337021305,org.laptop.nell.balloons
7cc2ff08-4d05-487b-888a-09d481565977-113,f416bdb2-3848-480a-ab11-77e91a3568b3,1337021378,air.Tinkrbook
7cc2ff08-4d05-487b-888a-09d481565977-116,f416bdb2-3848-480a-ab11-77e91a3568b3,1337021436,org.laptop.nell.balloons
7cc2ff08-4d05-487b-888a-09d481565977-172,f416bdb2-3848-480a-ab11-77e91a3568b3,1337021562,air.Tinkrbook
7cc2ff08-4d05-487b-888a-09d481565977-173,f416bdb2-3848-480a-ab11-77e91a3568b3,1337021596,org.laptop.Matching
d04865d3-089c-43df-b4bb-8f8c5b6feebc-41,816befd5-e3a6-4ca3-896c-878a2e2cf748,1336653875557,air.Tinkrbook
61415d67-9615-46ae-a5c5-c2c0e2119d70-31,816befd5-e3a6-4ca3-896c-878a2e2cf748,1336655551028,air.Tinkrbook
61415d67-9615-46ae-a5c5-c2c0e2119d70-34,816befd5-e3a6-4ca3-896c-878a2e2cf748,1336655565027,air.Tinkrbook
bf1b02d0-1ad6-4c91-8a6a-c763cda02d52-6,816befd5-e3a6-4ca3-896c-878a2e2cf748,1336662256492,air.Tinkrbook
bf1b02d0-1ad6-4c91-8a6a-c763cda02d52-49,816befd5-e3a6-4ca3-896c-878a2e2cf748,1336663696920,air.Tinkrbook
bf1b02d0-1ad6-4c91-8a6a-c763cda02d52-52,816befd5-e3a6-4ca3-896c-878a2e2cf748,1336663754155,PONYO.mp4
ad17f7df-fba1-4640-bc15-34b6d2ee4e79-17,816befd5-e3a6-4ca3-896c-878a2e2cf748,1336664600897,EZRA_JACK_KEATS8.m4v.mp4
bada082e-780c-4544-a78a-5b2e76606101-8,816befd5-e3a6-4ca3-896c-878a2e2cf748,1336671474076,CRAZY_HAIR_DAY3.mp4
bada082e-780c-4544-a78a-5b2e76606101-9,816befd5-e3a6-4ca3-896c-878a2e2cf748,1336671483531,CRAZY_HAIR_DAY1.mp4
81c09df6-88b6-4e40-8e84-2d3ba3387e77-73,816befd5-e3a6-4ca3-896c-878a2e2cf748,1336670965132,CRAZY_HAIR_DAY1.mp4
b0bcfb63-0545-4426-96c1-23a5b6ddc5cf-63,816befd5-e3a6-4ca3-896c-878a2e2cf748,1336845076613,Meet_the_Letters.mp4
d01214b1-c309-42ee-af24-33e5eb8ed621-8,816befd5-e3a6-4ca3-896c-878a2e2cf748,1336882775103,NATIONAL_VELVET.mp4
d01214b1-c309-42ee-af24-33e5eb8ed621-11,816befd5-e3a6-4ca3-896c-878a2e2cf748,1336882814796,FREE_WILLY_SPECIAL_EDITION.mp4
d01214b1-c309-42ee-af24-33e5eb8ed621-15,816befd5-e3a6-4ca3-896c-878a2e2cf748,1336882891546,air.Tinkrbook
