id,device,timestamp,HIGH_ACTIVITY_INTERVALS,LOW_ACTIVITY_INTERVALS,TOTAL_INTERVALS
34ccce1c-7483-43f0-962e-371308f4161f-3,ea436d39-fc6c-49ec-8d72-39b964b770b2,1336968756,10,2,15
34ccce1c-7483-43f0-962e-371308f4161f-7,ea436d39-fc6c-49ec-8d72-39b964b770b2,1336968876,14,0,15
34ccce1c-7483-43f0-962e-371308f4161f-11,ea436d39-fc6c-49ec-8d72-39b964b770b2,1336968996,14,0,15
34ccce1c-7483-43f0-962e-371308f4161f-16,ea436d39-fc6c-49ec-8d72-39b964b770b2,1336969116,14,0,15
34ccce1c-7483-43f0-962e-371308f4161f-19,ea436d39-fc6c-49ec-8d72-39b964b770b2,1336969236,14,0,15
34ccce1c-7483-43f0-962e-371308f4161f-22,ea436d39-fc6c-49ec-8d72-39b964b770b2,1336969356,11,2,15
34ccce1c-7483-43f0-962e-371308f4161f-26,ea436d39-fc6c-49ec-8d72-39b964b770b2,1336969476,0,3,15
b5957624-e502-4c72-a0b6-ab470f4bc46f-2,ea436d39-fc6c-49ec-8d72-39b964b770b2,1336636690,0,0,1
b5957624-e502-4c72-a0b6-ab470f4bc46f-7,ea436d39-fc6c-49ec-8d72-39b964b770b2,1336636818,0,0,2
b5957624-e502-4c72-a0b6-ab470f4bc46f-11,ea436d39-fc6c-49ec-8d72-39b964b770b2,1336636981,0,0,9
b5957624-e502-4c72-a0b6-ab470f4bc46f-14,ea436d39-fc6c-49ec-8d72-39b964b770b2,1336637118,0,0,4
b5957624-e502-4c72-a0b6-ab470f4bc46f-17,ea436d39-fc6c-49ec-8d72-39b964b770b2,1336637286,0,0,3
b5957624-e502-4c72-a0b6-ab470f4bc46f-20,ea436d39-fc6c-49ec-8d72-39b964b770b2,1336637585,0,0,4
b5957624-e502-4c72-a0b6-ab470f4bc46f-23,ea436d39-fc6c-49ec-8d72-39b964b770b2,1336637760,0,0,5
b5957624-e502-4c72-a0b6-ab470f4bc46f-26,ea436d39-fc6c-49ec-8d72-39b964b770b2,1336637870,0,0,15
b5957624-e502-4c72-a0b6-ab470f4bc46f-29,ea436d39-fc6c-49ec-8d72-39b964b770b2,1336638187,0,0,3
b5957624-e502-4c72-a0b6-ab470f4bc46f-31,ea436d39-fc6c-49ec-8d72-39b964b770b2,1336638398,0,0,15
b5957624-e502-4c72-a0b6-ab470f4bc46f-34,ea436d39-fc6c-49ec-8d72-39b964b770b2,1336638518,0,0,15
b5957624-e502-4c72-a0b6-ab470f4bc46f-36,ea436d39-fc6c-49ec-8d72-39b964b770b2,1336638638,0,0,15
b5957624-e502-4c72-a0b6-ab470f4bc46f-39,ea436d39-fc6c-49ec-8d72-39b964b770b2,1336638758,6,1,15
842fbdea-9938-48c7-9d54-9082f7809400-3,ea436d39-fc6c-49ec-8d72-39b964b770b2,1336623263,14,0,15
842fbdea-9938-48c7-9d54-9082f7809400-6,ea436d39-fc6c-49ec-8d72-39b964b770b2,1336623385,6,2,13
842fbdea-9938-48c7-9d54-9082f7809400-9,ea436d39-fc6c-49ec-8d72-39b964b770b2,1336623720,0,2,8
842fbdea-9938-48c7-9d54-9082f7809400-12,ea436d39-fc6c-49ec-8d72-39b964b770b2,1336624023,0,0,6
842fbdea-9938-48c7-9d54-9082f7809400-14,ea436d39-fc6c-49ec-8d72-39b964b770b2,1336624146,0,0,6
842fbdea-9938-48c7-9d54-9082f7809400-17,ea436d39-fc6c-49ec-8d72-39b964b770b2,1336624320,0,0,8
842fbdea-9938-48c7-9d54-9082f7809400-20,ea436d39-fc6c-49ec-8d72-39b964b770b2,1336624624,0,0,5
842fbdea-9938-48c7-9d54-9082f7809400-22,ea436d39-fc6c-49ec-8d72-39b964b770b2,1336624742,0,0,7
842fbdea-9938-48c7-9d54-9082f7809400-25,ea436d39-fc6c-49ec-8d72-39b964b770b2,1336624923,0,0,6
842fbdea-9938-48c7-9d54-9082f7809400-28,ea436d39-fc6c-49ec-8d72-39b964b770b2,1336625224,0,0,5
3745d973-34a1-461d-a0b7-8994237fca47-7,ea436d39-fc6c-49ec-8d72-39b964b770b2,1336621823,1,8,15
3745d973-34a1-461d-a0b7-8994237fca47-11,ea436d39-fc6c-49ec-8d72-39b964b770b2,1336621955,0,0,3
3745d973-34a1-461d-a0b7-8994237fca47-15,ea436d39-fc6c-49ec-8d72-39b964b770b2,1336622063,0,5,15
3745d973-34a1-461d-a0b7-8994237fca47-18,ea436d39-fc6c-49ec-8d72-39b964b770b2,1336622183,0,0,15
3745d973-34a1-461d-a0b7-8994237fca47-22,ea436d39-fc6c-49ec-8d72-39b964b770b2,1336622303,7,1,15
3745d973-34a1-461d-a0b7-8994237fca47-26,ea436d39-fc6c-49ec-8d72-39b964b770b2,1336622423,11,1,15
3745d973-34a1-461d-a0b7-8994237fca47-31,ea436d39-fc6c-49ec-8d72-39b964b770b2,1336622543,2,1,15
3745d973-34a1-461d-a0b7-8994237fca47-34,ea436d39-fc6c-49ec-8d72-39b964b770b2,1336622676,1,0,2
3745d973-34a1-461d-a0b7-8994237fca47-38,ea436d39-fc6c-49ec-8d72-39b964b770b2,1336622783,14,0,15
3745d973-34a1-461d-a0b7-8994237fca47-41,ea436d39-fc6c-49ec-8d72-39b964b770b2,1336622903,14,0,15
3745d973-34a1-461d-a0b7-8994237fca47-45,ea436d39-fc6c-49ec-8d72-39b964b770b2,1336623023,14,0,15
3745d973-34a1-461d-a0b7-8994237fca47-49,ea436d39-fc6c-49ec-8d72-39b964b770b2,1336623143,14,0,15
366aa055-597d-4fc7-9b52-80f8f0c8b298-2,ea436d39-fc6c-49ec-8d72-39b964b770b2,1336619634,0,0,15
366aa055-597d-4fc7-9b52-80f8f0c8b298-5,ea436d39-fc6c-49ec-8d72-39b964b770b2,1336619754,0,0,15
366aa055-597d-4fc7-9b52-80f8f0c8b298-8,ea436d39-fc6c-49ec-8d72-39b964b770b2,1336619940,0,0,6
366aa055-597d-4fc7-9b52-80f8f0c8b298-11,ea436d39-fc6c-49ec-8d72-39b964b770b2,1336620124,0,0,5
366aa055-597d-4fc7-9b52-80f8f0c8b298-14,ea436d39-fc6c-49ec-8d72-39b964b770b2,1336620300,0,0,6
366aa055-597d-4fc7-9b52-80f8f0c8b298-17,ea436d39-fc6c-49ec-8d72-39b964b770b2,1336620416,0,0,13
366aa055-597d-4fc7-9b52-80f8f0c8b298-19,ea436d39-fc6c-49ec-8d72-39b964b770b2,1336620549,0,0,4
366aa055-597d-4fc7-9b52-80f8f0c8b298-22,ea436d39-fc6c-49ec-8d72-39b964b770b2,1336620721,0,0,7
366aa055-597d-4fc7-9b52-80f8f0c8b298-25,ea436d39-fc6c-49ec-8d72-39b964b770b2,1336621021,0,0,7
366aa055-597d-4fc7-9b52-80f8f0c8b298-28,ea436d39-fc6c-49ec-8d72-39b964b770b2,1336621322,0,0,7
366aa055-597d-4fc7-9b52-80f8f0c8b298-30,ea436d39-fc6c-49ec-8d72-39b964b770b2,1336621472,0,1,6
366aa055-597d-4fc7-9b52-80f8f0c8b298-33,ea436d39-fc6c-49ec-8d72-39b964b770b2,1336621583,0,0,15
366aa055-597d-4fc7-9b52-80f8f0c8b298-37,ea436d39-fc6c-49ec-8d72-39b964b770b2,1336621703,0,0,15
164ad015-98cc-4456-8c36-75f73844a176-60,ea436d39-fc6c-49ec-8d72-39b964b770b2,1336641792,0,0,15
164ad015-98cc-4456-8c36-75f73844a176-63,ea436d39-fc6c-49ec-8d72-39b964b770b2,1336641912,0,0,15
164ad015-98cc-4456-8c36-75f73844a176-67,ea436d39-fc6c-49ec-8d72-39b964b770b2,1336642032,5,3,15
164ad015-98cc-4456-8c36-75f73844a176-72,ea436d39-fc6c-49ec-8d72-39b964b770b2,1336642152,14,0,15
164ad015-98cc-4456-8c36-75f73844a176-74,ea436d39-fc6c-49ec-8d72-39b964b770b2,1336642272,12,0,15
164ad015-98cc-4456-8c36-75f73844a176-78,ea436d39-fc6c-49ec-8d72-39b964b770b2,1336642392,14,0,15
164ad015-98cc-4456-8c36-75f73844a176-81,ea436d39-fc6c-49ec-8d72-39b964b770b2,1336642512,14,0,15
164ad015-98cc-4456-8c36-75f73844a176-84,ea436d39-fc6c-49ec-8d72-39b964b770b2,1336642632,0,0,15
164ad015-98cc-4456-8c36-75f73844a176-88,ea436d39-fc6c-49ec-8d72-39b964b770b2,1336642752,14,0,15
164ad015-98cc-4456-8c36-75f73844a176-91,ea436d39-fc6c-49ec-8d72-39b964b770b2,1336642872,14,0,15
164ad015-98cc-4456-8c36-75f73844a176-94,ea436d39-fc6c-49ec-8d72-39b964b770b2,1336642992,14,0,15
164ad015-98cc-4456-8c36-75f73844a176-97,ea436d39-fc6c-49ec-8d72-39b964b770b2,1336643112,14,0,15
164ad015-98cc-4456-8c36-75f73844a176-101,ea436d39-fc6c-49ec-8d72-39b964b770b2,1336643232,3,1,15
e772b029-be8b-44db-ac54-7822741cdc6b-2,ea436d39-fc6c-49ec-8d72-39b964b770b2,1336638878,2,1,15
e772b029-be8b-44db-ac54-7822741cdc6b-10,ea436d39-fc6c-49ec-8d72-39b964b770b2,1336638998,5,2,15
e772b029-be8b-44db-ac54-7822741cdc6b-15,ea436d39-fc6c-49ec-8d72-39b964b770b2,1336639118,1,2,15
e772b029-be8b-44db-ac54-7822741cdc6b-19,ea436d39-fc6c-49ec-8d72-39b964b770b2,1336639238,0,0,15
e772b029-be8b-44db-ac54-7822741cdc6b-23,ea436d39-fc6c-49ec-8d72-39b964b770b2,1336639358,11,2,15
e772b029-be8b-44db-ac54-7822741cdc6b-28,ea436d39-fc6c-49ec-8d72-39b964b770b2,1336639685,0,0,4
e772b029-be8b-44db-ac54-7822741cdc6b-32,ea436d39-fc6c-49ec-8d72-39b964b770b2,1336639863,1,0,3
e772b029-be8b-44db-ac54-7822741cdc6b-35,ea436d39-fc6c-49ec-8d72-39b964b770b2,1336639984,4,0,5
e772b029-be8b-44db-ac54-7822741cdc6b-38,ea436d39-fc6c-49ec-8d72-39b964b770b2,1336640285,3,0,4
e772b029-be8b-44db-ac54-7822741cdc6b-41,ea436d39-fc6c-49ec-8d72-39b964b770b2,1336640483,0,0,4
e772b029-be8b-44db-ac54-7822741cdc6b-47,ea436d39-fc6c-49ec-8d72-39b964b770b2,1336640592,0,0,15
e772b029-be8b-44db-ac54-7822741cdc6b-49,ea436d39-fc6c-49ec-8d72-39b964b770b2,1336640712,0,0,15
e772b029-be8b-44db-ac54-7822741cdc6b-53,ea436d39-fc6c-49ec-8d72-39b964b770b2,1336640832,0,1,15
e772b029-be8b-44db-ac54-7822741cdc6b-57,ea436d39-fc6c-49ec-8d72-39b964b770b2,1336640952,0,0,15
e772b029-be8b-44db-ac54-7822741cdc6b-60,ea436d39-fc6c-49ec-8d72-39b964b770b2,1336641072,0,0,15
e772b029-be8b-44db-ac54-7822741cdc6b-65,ea436d39-fc6c-49ec-8d72-39b964b770b2,1336641192,0,0,15
e772b029-be8b-44db-ac54-7822741cdc6b-68,ea436d39-fc6c-49ec-8d72-39b964b770b2,1336641312,0,0,15
e772b029-be8b-44db-ac54-7822741cdc6b-71,ea436d39-fc6c-49ec-8d72-39b964b770b2,1336641432,5,3,15
e772b029-be8b-44db-ac54-7822741cdc6b-75,ea436d39-fc6c-49ec-8d72-39b964b770b2,1336641552,10,1,15
e772b029-be8b-44db-ac54-7822741cdc6b-78,ea436d39-fc6c-49ec-8d72-39b964b770b2,1336641672,5,3,15
db6e78c3-8b15-46d9-9c61-b1e427fdeacf-7,ea436d39-fc6c-49ec-8d72-39b964b770b2,1336645392,4,3,15
db6e78c3-8b15-46d9-9c61-b1e427fdeacf-11,ea436d39-fc6c-49ec-8d72-39b964b770b2,1336645512,0,0,15
db6e78c3-8b15-46d9-9c61-b1e427fdeacf-14,ea436d39-fc6c-49ec-8d72-39b964b770b2,1336645632,0,0,15
db6e78c3-8b15-46d9-9c61-b1e427fdeacf-18,ea436d39-fc6c-49ec-8d72-39b964b770b2,1336645752,2,1,15
db6e78c3-8b15-46d9-9c61-b1e427fdeacf-21,ea436d39-fc6c-49ec-8d72-39b964b770b2,1336645872,6,1,15
db6e78c3-8b15-46d9-9c61-b1e427fdeacf-24,ea436d39-fc6c-49ec-8d72-39b964b770b2,1336645992,7,4,15
db6e78c3-8b15-46d9-9c61-b1e427fdeacf-27,ea436d39-fc6c-49ec-8d72-39b964b770b2,1336646112,0,0,15
db6e78c3-8b15-46d9-9c61-b1e427fdeacf-30,ea436d39-fc6c-49ec-8d72-39b964b770b2,1336646232,1,0,15
db6e78c3-8b15-46d9-9c61-b1e427fdeacf-35,ea436d39-fc6c-49ec-8d72-39b964b770b2,1336646352,0,0,15
db6e78c3-8b15-46d9-9c61-b1e427fdeacf-38,ea436d39-fc6c-49ec-8d72-39b964b770b2,1336646472,0,0,15
db6e78c3-8b15-46d9-9c61-b1e427fdeacf-42,ea436d39-fc6c-49ec-8d72-39b964b770b2,1336646606,0,0,1
db6e78c3-8b15-46d9-9c61-b1e427fdeacf-44,ea436d39-fc6c-49ec-8d72-39b964b770b2,1336646712,0,4,15
db6e78c3-8b15-46d9-9c61-b1e427fdeacf-47,ea436d39-fc6c-49ec-8d72-39b964b770b2,1336646832,0,1,15
a36892bd-3e87-4808-b910-b18592f42faf-2,ea436d39-fc6c-49ec-8d72-39b964b770b2,1336643356,8,0,11
a36892bd-3e87-4808-b910-b18592f42faf-5,ea436d39-fc6c-49ec-8d72-39b964b770b2,1336643472,0,0,15
a36892bd-3e87-4808-b910-b18592f42faf-9,ea436d39-fc6c-49ec-8d72-39b964b770b2,1336643592,0,0,15
a36892bd-3e87-4808-b910-b18592f42faf-12,ea436d39-fc6c-49ec-8d72-39b964b770b2,1336643712,0,0,12
a36892bd-3e87-4808-b910-b18592f42faf-13,ea436d39-fc6c-49ec-8d72-39b964b770b2,1336643726,0,0,1
a36892bd-3e87-4808-b910-b18592f42faf-15,ea436d39-fc6c-49ec-8d72-39b964b770b2,1336643832,0,0,15
a36892bd-3e87-4808-b910-b18592f42faf-20,ea436d39-fc6c-49ec-8d72-39b964b770b2,1336643952,0,0,15
a36892bd-3e87-4808-b910-b18592f42faf-23,ea436d39-fc6c-49ec-8d72-39b964b770b2,1336644072,3,3,15
a36892bd-3e87-4808-b910-b18592f42faf-27,ea436d39-fc6c-49ec-8d72-39b964b770b2,1336644192,14,0,15
a36892bd-3e87-4808-b910-b18592f42faf-30,ea436d39-fc6c-49ec-8d72-39b964b770b2,1336644312,14,0,15
a36892bd-3e87-4808-b910-b18592f42faf-33,ea436d39-fc6c-49ec-8d72-39b964b770b2,1336644432,1,0,15
a36892bd-3e87-4808-b910-b18592f42faf-36,ea436d39-fc6c-49ec-8d72-39b964b770b2,1336644552,14,0,15
a36892bd-3e87-4808-b910-b18592f42faf-39,ea436d39-fc6c-49ec-8d72-39b964b770b2,1336644672,4,0,15
a36892bd-3e87-4808-b910-b18592f42faf-43,ea436d39-fc6c-49ec-8d72-39b964b770b2,1336644792,12,1,15
a36892bd-3e87-4808-b910-b18592f42faf-47,ea436d39-fc6c-49ec-8d72-39b964b770b2,1336644912,14,0,15
a36892bd-3e87-4808-b910-b18592f42faf-50,ea436d39-fc6c-49ec-8d72-39b964b770b2,1336645032,14,0,15
a36892bd-3e87-4808-b910-b18592f42faf-54,ea436d39-fc6c-49ec-8d72-39b964b770b2,1336645152,9,3,15
a36892bd-3e87-4808-b910-b18592f42faf-56,ea436d39-fc6c-49ec-8d72-39b964b770b2,1336645272,13,0,15
d2c0c1ca-7925-4bcb-916b-e0d0475a54e1-5,ea436d39-fc6c-49ec-8d72-39b964b770b2,1336648992,14,0,15
d2c0c1ca-7925-4bcb-916b-e0d0475a54e1-8,ea436d39-fc6c-49ec-8d72-39b964b770b2,1336649112,12,1,15
d2c0c1ca-7925-4bcb-916b-e0d0475a54e1-11,ea436d39-fc6c-49ec-8d72-39b964b770b2,1336649232,0,2,15
d2c0c1ca-7925-4bcb-916b-e0d0475a54e1-15,ea436d39-fc6c-49ec-8d72-39b964b770b2,1336649361,0,0,6
d2c0c1ca-7925-4bcb-916b-e0d0475a54e1-18,ea436d39-fc6c-49ec-8d72-39b964b770b2,1336649472,2,4,15
d2c0c1ca-7925-4bcb-916b-e0d0475a54e1-22,ea436d39-fc6c-49ec-8d72-39b964b770b2,1336649592,8,0,15
d2c0c1ca-7925-4bcb-916b-e0d0475a54e1-25,ea436d39-fc6c-49ec-8d72-39b964b770b2,1336649712,0,2,15
d2c0c1ca-7925-4bcb-916b-e0d0475a54e1-28,ea436d39-fc6c-49ec-8d72-39b964b770b2,1336649832,0,1,15
d2c0c1ca-7925-4bcb-916b-e0d0475a54e1-32,ea436d39-fc6c-49ec-8d72-39b964b770b2,1336649952,9,3,15
d2c0c1ca-7925-4bcb-916b-e0d0475a54e1-35,ea436d39-fc6c-49ec-8d72-39b964b770b2,1336650072,11,2,15
d2c0c1ca-7925-4bcb-916b-e0d0475a54e1-39,ea436d39-fc6c-49ec-8d72-39b964b770b2,1336650192,5,3,15
d2c0c1ca-7925-4bcb-916b-e0d0475a54e1-42,ea436d39-fc6c-49ec-8d72-39b964b770b2,1336650312,2,1,15
d2c0c1ca-7925-4bcb-916b-e0d0475a54e1-45,ea436d39-fc6c-49ec-8d72-39b964b770b2,1336650432,0,0,15
4b179a3b-8386-4b57-9968-baf0b3d739de-3,ea436d39-fc6c-49ec-8d72-39b964b770b2,1336646952,0,0,15
4b179a3b-8386-4b57-9968-baf0b3d739de-6,ea436d39-fc6c-49ec-8d72-39b964b770b2,1336647072,11,3,15
4b179a3b-8386-4b57-9968-baf0b3d739de-10,ea436d39-fc6c-49ec-8d72-39b964b770b2,1336647192,0,0,15
4b179a3b-8386-4b57-9968-baf0b3d739de-12,ea436d39-fc6c-49ec-8d72-39b964b770b2,1336647312,14,0,15
4b179a3b-8386-4b57-9968-baf0b3d739de-15,ea436d39-fc6c-49ec-8d72-39b964b770b2,1336647432,14,0,15
4b179a3b-8386-4b57-9968-baf0b3d739de-19,ea436d39-fc6c-49ec-8d72-39b964b770b2,1336647552,0,1,15
4b179a3b-8386-4b57-9968-baf0b3d739de-22,ea436d39-fc6c-49ec-8d72-39b964b770b2,1336647672,1,0,15
4b179a3b-8386-4b57-9968-baf0b3d739de-27,ea436d39-fc6c-49ec-8d72-39b964b770b2,1336647792,3,2,15
4b179a3b-8386-4b57-9968-baf0b3d739de-30,ea436d39-fc6c-49ec-8d72-39b964b770b2,1336647912,1,0,15
4b179a3b-8386-4b57-9968-baf0b3d739de-32,ea436d39-fc6c-49ec-8d72-39b964b770b2,1336648032,13,0,15
4b179a3b-8386-4b57-9968-baf0b3d739de-36,ea436d39-fc6c-49ec-8d72-39b964b770b2,1336648152,14,0,15
4b179a3b-8386-4b57-9968-baf0b3d739de-39,ea436d39-fc6c-49ec-8d72-39b964b770b2,1336648272,12,2,15
4b179a3b-8386-4b57-9968-baf0b3d739de-43,ea436d39-fc6c-49ec-8d72-39b964b770b2,1336648392,14,0,15
4b179a3b-8386-4b57-9968-baf0b3d739de-46,ea436d39-fc6c-49ec-8d72-39b964b770b2,1336648512,14,0,15
4b179a3b-8386-4b57-9968-baf0b3d739de-50,ea436d39-fc6c-49ec-8d72-39b964b770b2,1336648632,0,0,15
4b179a3b-8386-4b57-9968-baf0b3d739de-53,ea436d39-fc6c-49ec-8d72-39b964b770b2,1336648765,0,0,2
4b179a3b-8386-4b57-9968-baf0b3d739de-56,ea436d39-fc6c-49ec-8d72-39b964b770b2,1336648872,0,0,15
6d950c45-4fe3-4201-a670-a6ba9706c3c2-2,ea436d39-fc6c-49ec-8d72-39b964b770b2,1336650552,9,3,15
6d950c45-4fe3-4201-a670-a6ba9706c3c2-5,ea436d39-fc6c-49ec-8d72-39b964b770b2,1336650678,7,1,9
6d950c45-4fe3-4201-a670-a6ba9706c3c2-10,ea436d39-fc6c-49ec-8d72-39b964b770b2,1336650792,9,0,15
6d950c45-4fe3-4201-a670-a6ba9706c3c2-12,ea436d39-fc6c-49ec-8d72-39b964b770b2,1336650912,2,2,15
6d950c45-4fe3-4201-a670-a6ba9706c3c2-15,ea436d39-fc6c-49ec-8d72-39b964b770b2,1336651032,6,1,15
6d950c45-4fe3-4201-a670-a6ba9706c3c2-19,ea436d39-fc6c-49ec-8d72-39b964b770b2,1336651152,10,3,15
6d950c45-4fe3-4201-a670-a6ba9706c3c2-22,ea436d39-fc6c-49ec-8d72-39b964b770b2,1336651272,1,1,15
6d950c45-4fe3-4201-a670-a6ba9706c3c2-26,ea436d39-fc6c-49ec-8d72-39b964b770b2,1336651406,0,0,1
6d950c45-4fe3-4201-a670-a6ba9706c3c2-28,ea436d39-fc6c-49ec-8d72-39b964b770b2,1336651512,0,8,15
6d950c45-4fe3-4201-a670-a6ba9706c3c2-32,ea436d39-fc6c-49ec-8d72-39b964b770b2,1336651632,14,0,15
6d950c45-4fe3-4201-a670-a6ba9706c3c2-36,ea436d39-fc6c-49ec-8d72-39b964b770b2,1336651752,14,0,15
6d950c45-4fe3-4201-a670-a6ba9706c3c2-39,ea436d39-fc6c-49ec-8d72-39b964b770b2,1336651872,14,0,15
6d950c45-4fe3-4201-a670-a6ba9706c3c2-43,ea436d39-fc6c-49ec-8d72-39b964b770b2,1336651992,14,0,15
6d950c45-4fe3-4201-a670-a6ba9706c3c2-45,ea436d39-fc6c-49ec-8d72-39b964b770b2,1336652115,3,4,12
6d950c45-4fe3-4201-a670-a6ba9706c3c2-49,ea436d39-fc6c-49ec-8d72-39b964b770b2,1336652232,1,1,15
6d950c45-4fe3-4201-a670-a6ba9706c3c2-53,ea436d39-fc6c-49ec-8d72-39b964b770b2,1336652352,0,0,15
6d950c45-4fe3-4201-a670-a6ba9706c3c2-56,ea436d39-fc6c-49ec-8d72-39b964b770b2,1336652472,3,0,15
4ed49e3d-4bfc-4996-b535-f506b105642c-5,ea436d39-fc6c-49ec-8d72-39b964b770b2,1336652592,7,1,15
e8e7aef8-95a9-4fdf-b036-a727e57a6a7d-4,ea436d39-fc6c-49ec-8d72-39b964b770b2,1336652712,10,1,15
e8e7aef8-95a9-4fdf-b036-a727e57a6a7d-7,ea436d39-fc6c-49ec-8d72-39b964b770b2,1336652832,14,0,15
e8e7aef8-95a9-4fdf-b036-a727e57a6a7d-11,ea436d39-fc6c-49ec-8d72-39b964b770b2,1336652952,14,0,15
e8e7aef8-95a9-4fdf-b036-a727e57a6a7d-14,ea436d39-fc6c-49ec-8d72-39b964b770b2,1336653072,14,0,15
e8e7aef8-95a9-4fdf-b036-a727e57a6a7d-19,ea436d39-fc6c-49ec-8d72-39b964b770b2,1336653201,5,0,6
e8e7aef8-95a9-4fdf-b036-a727e57a6a7d-21,ea436d39-fc6c-49ec-8d72-39b964b770b2,1336653312,6,3,15
e8e7aef8-95a9-4fdf-b036-a727e57a6a7d-24,ea436d39-fc6c-49ec-8d72-39b964b770b2,1336653432,10,0,15
e8e7aef8-95a9-4fdf-b036-a727e57a6a7d-28,ea436d39-fc6c-49ec-8d72-39b964b770b2,1336653552,4,0,15
e8e7aef8-95a9-4fdf-b036-a727e57a6a7d-31,ea436d39-fc6c-49ec-8d72-39b964b770b2,1336653672,5,0,15
e8e7aef8-95a9-4fdf-b036-a727e57a6a7d-35,ea436d39-fc6c-49ec-8d72-39b964b770b2,1336653792,14,0,15
e8e7aef8-95a9-4fdf-b036-a727e57a6a7d-37,ea436d39-fc6c-49ec-8d72-39b964b770b2,1336653925,1,0,2
e8e7aef8-95a9-4fdf-b036-a727e57a6a7d-41,ea436d39-fc6c-49ec-8d72-39b964b770b2,1336654032,12,0,15
0abb44fb-9cc9-48c9-83f4-76e26180368d-4,ea436d39-fc6c-49ec-8d72-39b964b770b2,1336656312,14,0,15
0abb44fb-9cc9-48c9-83f4-76e26180368d-8,ea436d39-fc6c-49ec-8d72-39b964b770b2,1336656432,6,6,15
0abb44fb-9cc9-48c9-83f4-76e26180368d-11,ea436d39-fc6c-49ec-8d72-39b964b770b2,1336656552,8,2,15
0abb44fb-9cc9-48c9-83f4-76e26180368d-14,ea436d39-fc6c-49ec-8d72-39b964b770b2,1336656685,0,0,2
0abb44fb-9cc9-48c9-83f4-76e26180368d-18,ea436d39-fc6c-49ec-8d72-39b964b770b2,1336656792,0,0,15
0abb44fb-9cc9-48c9-83f4-76e26180368d-21,ea436d39-fc6c-49ec-8d72-39b964b770b2,1336656912,10,2,15
0abb44fb-9cc9-48c9-83f4-76e26180368d-25,ea436d39-fc6c-49ec-8d72-39b964b770b2,1336657032,7,3,15
0abb44fb-9cc9-48c9-83f4-76e26180368d-28,ea436d39-fc6c-49ec-8d72-39b964b770b2,1336657152,14,0,15
0abb44fb-9cc9-48c9-83f4-76e26180368d-31,ea436d39-fc6c-49ec-8d72-39b964b770b2,1336657272,5,0,15
0abb44fb-9cc9-48c9-83f4-76e26180368d-35,ea436d39-fc6c-49ec-8d72-39b964b770b2,1336657392,0,0,15
0abb44fb-9cc9-48c9-83f4-76e26180368d-38,ea436d39-fc6c-49ec-8d72-39b964b770b2,1336657512,0,0,15
0abb44fb-9cc9-48c9-83f4-76e26180368d-41,ea436d39-fc6c-49ec-8d72-39b964b770b2,1336657632,0,0,15
06db359c-8379-4be8-bf09-db5e98b358b7-2,ea436d39-fc6c-49ec-8d72-39b964b770b2,1336654152,6,5,15
06db359c-8379-4be8-bf09-db5e98b358b7-5,ea436d39-fc6c-49ec-8d72-39b964b770b2,1336654272,5,6,15
06db359c-8379-4be8-bf09-db5e98b358b7-9,ea436d39-fc6c-49ec-8d72-39b964b770b2,1336654392,0,0,15
06db359c-8379-4be8-bf09-db5e98b358b7-11,ea436d39-fc6c-49ec-8d72-39b964b770b2,1336654512,2,1,15
06db359c-8379-4be8-bf09-db5e98b358b7-14,ea436d39-fc6c-49ec-8d72-39b964b770b2,1336654632,1,3,15
06db359c-8379-4be8-bf09-db5e98b358b7-18,ea436d39-fc6c-49ec-8d72-39b964b770b2,1336654752,0,0,15
06db359c-8379-4be8-bf09-db5e98b358b7-22,ea436d39-fc6c-49ec-8d72-39b964b770b2,1336654872,3,0,15
06db359c-8379-4be8-bf09-db5e98b358b7-26,ea436d39-fc6c-49ec-8d72-39b964b770b2,1336654992,8,2,15
06db359c-8379-4be8-bf09-db5e98b358b7-28,ea436d39-fc6c-49ec-8d72-39b964b770b2,1336655112,0,0,15
06db359c-8379-4be8-bf09-db5e98b358b7-31,ea436d39-fc6c-49ec-8d72-39b964b770b2,1336655232,0,0,15
06db359c-8379-4be8-bf09-db5e98b358b7-35,ea436d39-fc6c-49ec-8d72-39b964b770b2,1336655352,0,0,15
06db359c-8379-4be8-bf09-db5e98b358b7-39,ea436d39-fc6c-49ec-8d72-39b964b770b2,1336655472,0,0,15
06db359c-8379-4be8-bf09-db5e98b358b7-43,ea436d39-fc6c-49ec-8d72-39b964b770b2,1336655592,11,1,15
06db359c-8379-4be8-bf09-db5e98b358b7-46,ea436d39-fc6c-49ec-8d72-39b964b770b2,1336655712,0,0,15
06db359c-8379-4be8-bf09-db5e98b358b7-48,ea436d39-fc6c-49ec-8d72-39b964b770b2,1336655832,0,0,15
06db359c-8379-4be8-bf09-db5e98b358b7-52,ea436d39-fc6c-49ec-8d72-39b964b770b2,1336655952,0,0,15
06db359c-8379-4be8-bf09-db5e98b358b7-55,ea436d39-fc6c-49ec-8d72-39b964b770b2,1336656072,0,0,15
06db359c-8379-4be8-bf09-db5e98b358b7-59,ea436d39-fc6c-49ec-8d72-39b964b770b2,1336656192,5,0,15
eccb4160-808f-4c71-96c4-3dc49dd64a24-4,ea436d39-fc6c-49ec-8d72-39b964b770b2,1336659912,14,0,15
eccb4160-808f-4c71-96c4-3dc49dd64a24-6,ea436d39-fc6c-49ec-8d72-39b964b770b2,1336660046,0,0,1
eccb4160-808f-4c71-96c4-3dc49dd64a24-10,ea436d39-fc6c-49ec-8d72-39b964b770b2,1336660152,0,2,15
eccb4160-808f-4c71-96c4-3dc49dd64a24-14,ea436d39-fc6c-49ec-8d72-39b964b770b2,1336660272,14,0,15
eccb4160-808f-4c71-96c4-3dc49dd64a24-18,ea436d39-fc6c-49ec-8d72-39b964b770b2,1336660392,14,0,15
eccb4160-808f-4c71-96c4-3dc49dd64a24-21,ea436d39-fc6c-49ec-8d72-39b964b770b2,1336660512,14,0,15
eccb4160-808f-4c71-96c4-3dc49dd64a24-24,ea436d39-fc6c-49ec-8d72-39b964b770b2,1336660632,1,0,15
eccb4160-808f-4c71-96c4-3dc49dd64a24-27,ea436d39-fc6c-49ec-8d72-39b964b770b2,1336660752,8,1,15
eccb4160-808f-4c71-96c4-3dc49dd64a24-31,ea436d39-fc6c-49ec-8d72-39b964b770b2,1336660872,3,2,15
eccb4160-808f-4c71-96c4-3dc49dd64a24-35,ea436d39-fc6c-49ec-8d72-39b964b770b2,1336660992,6,1,15
eccb4160-808f-4c71-96c4-3dc49dd64a24-38,ea436d39-fc6c-49ec-8d72-39b964b770b2,1336661112,0,1,15
eccb4160-808f-4c71-96c4-3dc49dd64a24-41,ea436d39-fc6c-49ec-8d72-39b964b770b2,1336661232,0,1,15
ce2485d5-24a3-4a54-bce5-f2364eb66344-2,ea436d39-fc6c-49ec-8d72-39b964b770b2,1336657752,0,0,15
ce2485d5-24a3-4a54-bce5-f2364eb66344-6,ea436d39-fc6c-49ec-8d72-39b964b770b2,1336657872,2,1,15
ce2485d5-24a3-4a54-bce5-f2364eb66344-10,ea436d39-fc6c-49ec-8d72-39b964b770b2,1336657992,14,0,15
ce2485d5-24a3-4a54-bce5-f2364eb66344-13,ea436d39-fc6c-49ec-8d72-39b964b770b2,1336658126,0,0,1
ce2485d5-24a3-4a54-bce5-f2364eb66344-15,ea436d39-fc6c-49ec-8d72-39b964b770b2,1336658232,14,0,15
ce2485d5-24a3-4a54-bce5-f2364eb66344-19,ea436d39-fc6c-49ec-8d72-39b964b770b2,1336658352,14,0,15
ce2485d5-24a3-4a54-bce5-f2364eb66344-23,ea436d39-fc6c-49ec-8d72-39b964b770b2,1336658472,14,0,15
ce2485d5-24a3-4a54-bce5-f2364eb66344-27,ea436d39-fc6c-49ec-8d72-39b964b770b2,1336658592,14,0,15
ce2485d5-24a3-4a54-bce5-f2364eb66344-29,ea436d39-fc6c-49ec-8d72-39b964b770b2,1336658712,11,1,15
ce2485d5-24a3-4a54-bce5-f2364eb66344-32,ea436d39-fc6c-49ec-8d72-39b964b770b2,1336658832,0,0,15
ce2485d5-24a3-4a54-bce5-f2364eb66344-36,ea436d39-fc6c-49ec-8d72-39b964b770b2,1336658952,2,2,15
ce2485d5-24a3-4a54-bce5-f2364eb66344-39,ea436d39-fc6c-49ec-8d72-39b964b770b2,1336659072,14,0,15
ce2485d5-24a3-4a54-bce5-f2364eb66344-42,ea436d39-fc6c-49ec-8d72-39b964b770b2,1336659192,14,0,15
ce2485d5-24a3-4a54-bce5-f2364eb66344-46,ea436d39-fc6c-49ec-8d72-39b964b770b2,1336659312,14,0,15
ce2485d5-24a3-4a54-bce5-f2364eb66344-49,ea436d39-fc6c-49ec-8d72-39b964b770b2,1336659432,14,0,15
ce2485d5-24a3-4a54-bce5-f2364eb66344-53,ea436d39-fc6c-49ec-8d72-39b964b770b2,1336659552,10,1,15
ce2485d5-24a3-4a54-bce5-f2364eb66344-56,ea436d39-fc6c-49ec-8d72-39b964b770b2,1336659672,14,0,15
ce2485d5-24a3-4a54-bce5-f2364eb66344-60,ea436d39-fc6c-49ec-8d72-39b964b770b2,1336659792,14,0,15
85864d33-94e3-434e-b82d-5ef4c5315af8-44,ea436d39-fc6c-49ec-8d72-39b964b770b2,1336662672,14,0,15
85864d33-94e3-434e-b82d-5ef4c5315af8-47,ea436d39-fc6c-49ec-8d72-39b964b770b2,1336662805,1,0,2
85864d33-94e3-434e-b82d-5ef4c5315af8-50,ea436d39-fc6c-49ec-8d72-39b964b770b2,1336662912,6,3,15
85864d33-94e3-434e-b82d-5ef4c5315af8-53,ea436d39-fc6c-49ec-8d72-39b964b770b2,1336663032,14,0,15
85864d33-94e3-434e-b82d-5ef4c5315af8-57,ea436d39-fc6c-49ec-8d72-39b964b770b2,1336663152,14,0,15
85864d33-94e3-434e-b82d-5ef4c5315af8-61,ea436d39-fc6c-49ec-8d72-39b964b770b2,1336663285,1,0,2
85864d33-94e3-434e-b82d-5ef4c5315af8-65,ea436d39-fc6c-49ec-8d72-39b964b770b2,1336663392,8,1,15
85864d33-94e3-434e-b82d-5ef4c5315af8-67,ea436d39-fc6c-49ec-8d72-39b964b770b2,1336663512,13,0,15
85864d33-94e3-434e-b82d-5ef4c5315af8-71,ea436d39-fc6c-49ec-8d72-39b964b770b2,1336663632,0,0,15
85864d33-94e3-434e-b82d-5ef4c5315af8-76,ea436d39-fc6c-49ec-8d72-39b964b770b2,1336663752,11,1,15
85864d33-94e3-434e-b82d-5ef4c5315af8-79,ea436d39-fc6c-49ec-8d72-39b964b770b2,1336663872,12,0,15
85864d33-94e3-434e-b82d-5ef4c5315af8-83,ea436d39-fc6c-49ec-8d72-39b964b770b2,1336663999,2,4,8
85864d33-94e3-434e-b82d-5ef4c5315af8-85,ea436d39-fc6c-49ec-8d72-39b964b770b2,1336664112,14,0,15
85864d33-94e3-434e-b82d-5ef4c5315af8-88,ea436d39-fc6c-49ec-8d72-39b964b770b2,1336664232,14,0,15
85864d33-94e3-434e-b82d-5ef4c5315af8-92,ea436d39-fc6c-49ec-8d72-39b964b770b2,1336664352,14,0,15
85864d33-94e3-434e-b82d-5ef4c5315af8-95,ea436d39-fc6c-49ec-8d72-39b964b770b2,1336664472,11,2,15
85864d33-94e3-434e-b82d-5ef4c5315af8-100,ea436d39-fc6c-49ec-8d72-39b964b770b2,1336664592,3,6,15
85864d33-94e3-434e-b82d-5ef4c5315af8-103,ea436d39-fc6c-49ec-8d72-39b964b770b2,1336664712,0,0,15
85864d33-94e3-434e-b82d-5ef4c5315af8-105,ea436d39-fc6c-49ec-8d72-39b964b770b2,1336664846,0,0,1
96c4b612-cabf-47ec-8462-33df50c06ffc-2,ea436d39-fc6c-49ec-8d72-39b964b770b2,1336661352,0,0,15
96c4b612-cabf-47ec-8462-33df50c06ffc-5,ea436d39-fc6c-49ec-8d72-39b964b770b2,1336661472,2,1,15
96c4b612-cabf-47ec-8462-33df50c06ffc-8,ea436d39-fc6c-49ec-8d72-39b964b770b2,1336661592,0,0,15
96c4b612-cabf-47ec-8462-33df50c06ffc-11,ea436d39-fc6c-49ec-8d72-39b964b770b2,1336661712,6,0,15
96c4b612-cabf-47ec-8462-33df50c06ffc-15,ea436d39-fc6c-49ec-8d72-39b964b770b2,1336661832,14,0,15
96c4b612-cabf-47ec-8462-33df50c06ffc-18,ea436d39-fc6c-49ec-8d72-39b964b770b2,1336661952,0,0,15
96c4b612-cabf-47ec-8462-33df50c06ffc-21,ea436d39-fc6c-49ec-8d72-39b964b770b2,1336662072,6,0,15
96c4b612-cabf-47ec-8462-33df50c06ffc-26,ea436d39-fc6c-49ec-8d72-39b964b770b2,1336662192,2,2,15
96c4b612-cabf-47ec-8462-33df50c06ffc-30,ea436d39-fc6c-49ec-8d72-39b964b770b2,1336662312,1,0,15
96c4b612-cabf-47ec-8462-33df50c06ffc-33,ea436d39-fc6c-49ec-8d72-39b964b770b2,1336662432,0,0,15
96c4b612-cabf-47ec-8462-33df50c06ffc-38,ea436d39-fc6c-49ec-8d72-39b964b770b2,1336662552,0,0,15
ef4de9d4-8f46-426f-8a15-702154449b3c-2,ea436d39-fc6c-49ec-8d72-39b964b770b2,1336664952,14,0,15
ef4de9d4-8f46-426f-8a15-702154449b3c-5,ea436d39-fc6c-49ec-8d72-39b964b770b2,1336665072,14,0,15
ef4de9d4-8f46-426f-8a15-702154449b3c-9,ea436d39-fc6c-49ec-8d72-39b964b770b2,1336665192,14,0,15
ef4de9d4-8f46-426f-8a15-702154449b3c-12,ea436d39-fc6c-49ec-8d72-39b964b770b2,1336665312,2,0,15
ef4de9d4-8f46-426f-8a15-702154449b3c-15,ea436d39-fc6c-49ec-8d72-39b964b770b2,1336665435,9,0,12
ef4de9d4-8f46-426f-8a15-702154449b3c-19,ea436d39-fc6c-49ec-8d72-39b964b770b2,1336665552,0,1,15
ef4de9d4-8f46-426f-8a15-702154449b3c-21,ea436d39-fc6c-49ec-8d72-39b964b770b2,1336665672,1,0,15
ef4de9d4-8f46-426f-8a15-702154449b3c-26,ea436d39-fc6c-49ec-8d72-39b964b770b2,1336665792,0,0,15
ef4de9d4-8f46-426f-8a15-702154449b3c-30,ea436d39-fc6c-49ec-8d72-39b964b770b2,1336665912,0,0,15
ef4de9d4-8f46-426f-8a15-702154449b3c-33,ea436d39-fc6c-49ec-8d72-39b964b770b2,1336666032,0,0,15
ef4de9d4-8f46-426f-8a15-702154449b3c-37,ea436d39-fc6c-49ec-8d72-39b964b770b2,1336666155,0,0,12
d14a0c9a-3676-4892-895a-b67bed248269-4,ea436d39-fc6c-49ec-8d72-39b964b770b2,1336666272,0,0,15
d14a0c9a-3676-4892-895a-b67bed248269-8,ea436d39-fc6c-49ec-8d72-39b964b770b2,1336666392,0,0,15
d14a0c9a-3676-4892-895a-b67bed248269-10,ea436d39-fc6c-49ec-8d72-39b964b770b2,1336666512,0,0,15
d14a0c9a-3676-4892-895a-b67bed248269-14,ea436d39-fc6c-49ec-8d72-39b964b770b2,1336666632,0,0,15
d14a0c9a-3676-4892-895a-b67bed248269-18,ea436d39-fc6c-49ec-8d72-39b964b770b2,1336666752,0,0,15
d14a0c9a-3676-4892-895a-b67bed248269-21,ea436d39-fc6c-49ec-8d72-39b964b770b2,1336666872,0,0,15
d14a0c9a-3676-4892-895a-b67bed248269-25,ea436d39-fc6c-49ec-8d72-39b964b770b2,1336666992,0,0,15
d14a0c9a-3676-4892-895a-b67bed248269-28,ea436d39-fc6c-49ec-8d72-39b964b770b2,1336667112,0,0,15
d14a0c9a-3676-4892-895a-b67bed248269-31,ea436d39-fc6c-49ec-8d72-39b964b770b2,1336667232,0,0,15
d14a0c9a-3676-4892-895a-b67bed248269-37,ea436d39-fc6c-49ec-8d72-39b964b770b2,1336667365,0,0,2
d14a0c9a-3676-4892-895a-b67bed248269-39,ea436d39-fc6c-49ec-8d72-39b964b770b2,1336667472,0,0,15
d14a0c9a-3676-4892-895a-b67bed248269-43,ea436d39-fc6c-49ec-8d72-39b964b770b2,1336667592,0,0,15
d14a0c9a-3676-4892-895a-b67bed248269-46,ea436d39-fc6c-49ec-8d72-39b964b770b2,1336667712,0,0,15
d14a0c9a-3676-4892-895a-b67bed248269-49,ea436d39-fc6c-49ec-8d72-39b964b770b2,1336667832,0,0,15
d14a0c9a-3676-4892-895a-b67bed248269-55,ea436d39-fc6c-49ec-8d72-39b964b770b2,1336667952,0,0,15
e5d544f5-ff72-452a-9adb-bd89ab106ca0-10,ea436d39-fc6c-49ec-8d72-39b964b770b2,1336669875,6,3,15
e5d544f5-ff72-452a-9adb-bd89ab106ca0-14,ea436d39-fc6c-49ec-8d72-39b964b770b2,1336669995,0,0,15
e5d544f5-ff72-452a-9adb-bd89ab106ca0-18,ea436d39-fc6c-49ec-8d72-39b964b770b2,1336670115,0,0,15
e5d544f5-ff72-452a-9adb-bd89ab106ca0-22,ea436d39-fc6c-49ec-8d72-39b964b770b2,1336670235,0,0,15
e5d544f5-ff72-452a-9adb-bd89ab106ca0-26,ea436d39-fc6c-49ec-8d72-39b964b770b2,1336670355,0,0,15
e5d544f5-ff72-452a-9adb-bd89ab106ca0-30,ea436d39-fc6c-49ec-8d72-39b964b770b2,1336670475,0,0,15
e5d544f5-ff72-452a-9adb-bd89ab106ca0-33,ea436d39-fc6c-49ec-8d72-39b964b770b2,1336670595,0,0,15
e5d544f5-ff72-452a-9adb-bd89ab106ca0-37,ea436d39-fc6c-49ec-8d72-39b964b770b2,1336670715,0,0,15
e5d544f5-ff72-452a-9adb-bd89ab106ca0-41,ea436d39-fc6c-49ec-8d72-39b964b770b2,1336670835,0,0,15
e5d544f5-ff72-452a-9adb-bd89ab106ca0-45,ea436d39-fc6c-49ec-8d72-39b964b770b2,1336670955,2,1,15
e5d544f5-ff72-452a-9adb-bd89ab106ca0-50,ea436d39-fc6c-49ec-8d72-39b964b770b2,1336671075,0,0,15
e5d544f5-ff72-452a-9adb-bd89ab106ca0-55,ea436d39-fc6c-49ec-8d72-39b964b770b2,1336671195,2,4,15
e5d544f5-ff72-452a-9adb-bd89ab106ca0-58,ea436d39-fc6c-49ec-8d72-39b964b770b2,1336671315,3,0,15
e5d544f5-ff72-452a-9adb-bd89ab106ca0-61,ea436d39-fc6c-49ec-8d72-39b964b770b2,1336671435,0,0,15
e5d544f5-ff72-452a-9adb-bd89ab106ca0-66,ea436d39-fc6c-49ec-8d72-39b964b770b2,1336671555,0,0,15
e5d544f5-ff72-452a-9adb-bd89ab106ca0-70,ea436d39-fc6c-49ec-8d72-39b964b770b2,1336671675,4,2,15
e5d544f5-ff72-452a-9adb-bd89ab106ca0-74,ea436d39-fc6c-49ec-8d72-39b964b770b2,1336671795,0,0,15
e5d544f5-ff72-452a-9adb-bd89ab106ca0-78,ea436d39-fc6c-49ec-8d72-39b964b770b2,1336671915,0,0,15
e5d544f5-ff72-452a-9adb-bd89ab106ca0-81,ea436d39-fc6c-49ec-8d72-39b964b770b2,1336672035,0,0,15
77400a0d-7f92-4030-a73b-65b18728cf35-5,ea436d39-fc6c-49ec-8d72-39b964b770b2,1336668072,0,0,15
77400a0d-7f92-4030-a73b-65b18728cf35-10,ea436d39-fc6c-49ec-8d72-39b964b770b2,1336668192,0,0,15
77400a0d-7f92-4030-a73b-65b18728cf35-13,ea436d39-fc6c-49ec-8d72-39b964b770b2,1336668312,0,0,15
77400a0d-7f92-4030-a73b-65b18728cf35-17,ea436d39-fc6c-49ec-8d72-39b964b770b2,1336668432,0,0,15
77400a0d-7f92-4030-a73b-65b18728cf35-21,ea436d39-fc6c-49ec-8d72-39b964b770b2,1336668552,0,0,15
77400a0d-7f92-4030-a73b-65b18728cf35-25,ea436d39-fc6c-49ec-8d72-39b964b770b2,1336668672,0,0,15
77400a0d-7f92-4030-a73b-65b18728cf35-29,ea436d39-fc6c-49ec-8d72-39b964b770b2,1336668792,0,0,15
77400a0d-7f92-4030-a73b-65b18728cf35-32,ea436d39-fc6c-49ec-8d72-39b964b770b2,1336668912,1,0,15
77400a0d-7f92-4030-a73b-65b18728cf35-35,ea436d39-fc6c-49ec-8d72-39b964b770b2,1336669032,0,0,15
77400a0d-7f92-4030-a73b-65b18728cf35-39,ea436d39-fc6c-49ec-8d72-39b964b770b2,1336669152,0,0,15
77400a0d-7f92-4030-a73b-65b18728cf35-43,ea436d39-fc6c-49ec-8d72-39b964b770b2,1336669272,0,0,15
77400a0d-7f92-4030-a73b-65b18728cf35-48,ea436d39-fc6c-49ec-8d72-39b964b770b2,1336669392,0,0,15
77400a0d-7f92-4030-a73b-65b18728cf35-51,ea436d39-fc6c-49ec-8d72-39b964b770b2,1336669512,0,0,15
77400a0d-7f92-4030-a73b-65b18728cf35-55,ea436d39-fc6c-49ec-8d72-39b964b770b2,1336669632,0,0,15
77400a0d-7f92-4030-a73b-65b18728cf35-59,ea436d39-fc6c-49ec-8d72-39b964b770b2,1336669765,1,1,5
4d90d286-346c-4454-affe-45fd27275c1b-135,ea436d39-fc6c-49ec-8d72-39b964b770b2,1336673481,0,0,9
4d90d286-346c-4454-affe-45fd27275c1b-139,ea436d39-fc6c-49ec-8d72-39b964b770b2,1336673595,0,0,15
4d90d286-346c-4454-affe-45fd27275c1b-143,ea436d39-fc6c-49ec-8d72-39b964b770b2,1336673715,0,0,15
4d90d286-346c-4454-affe-45fd27275c1b-145,ea436d39-fc6c-49ec-8d72-39b964b770b2,1336673835,0,0,15
4d90d286-346c-4454-affe-45fd27275c1b-149,ea436d39-fc6c-49ec-8d72-39b964b770b2,1336673955,0,0,15
4d90d286-346c-4454-affe-45fd27275c1b-152,ea436d39-fc6c-49ec-8d72-39b964b770b2,1336674075,0,0,15
4d90d286-346c-4454-affe-45fd27275c1b-156,ea436d39-fc6c-49ec-8d72-39b964b770b2,1336674195,0,0,15
4d90d286-346c-4454-affe-45fd27275c1b-159,ea436d39-fc6c-49ec-8d72-39b964b770b2,1336674315,0,0,15
4d90d286-346c-4454-affe-45fd27275c1b-162,ea436d39-fc6c-49ec-8d72-39b964b770b2,1336674435,0,0,15
4d90d286-346c-4454-affe-45fd27275c1b-166,ea436d39-fc6c-49ec-8d72-39b964b770b2,1336674555,0,0,15
4d90d286-346c-4454-affe-45fd27275c1b-169,ea436d39-fc6c-49ec-8d72-39b964b770b2,1336674675,0,0,15
4d90d286-346c-4454-affe-45fd27275c1b-174,ea436d39-fc6c-49ec-8d72-39b964b770b2,1336674795,0,0,15
4d90d286-346c-4454-affe-45fd27275c1b-176,ea436d39-fc6c-49ec-8d72-39b964b770b2,1336674915,0,0,15
4d90d286-346c-4454-affe-45fd27275c1b-179,ea436d39-fc6c-49ec-8d72-39b964b770b2,1336675035,0,0,15
4d90d286-346c-4454-affe-45fd27275c1b-183,ea436d39-fc6c-49ec-8d72-39b964b770b2,1336675155,0,0,15
4d90d286-346c-4454-affe-45fd27275c1b-186,ea436d39-fc6c-49ec-8d72-39b964b770b2,1336675275,0,0,15
4d90d286-346c-4454-affe-45fd27275c1b-190,ea436d39-fc6c-49ec-8d72-39b964b770b2,1336675395,0,0,15
4d90d286-346c-4454-affe-45fd27275c1b-193,ea436d39-fc6c-49ec-8d72-39b964b770b2,1336675515,0,0,15
4d90d286-346c-4454-affe-45fd27275c1b-197,ea436d39-fc6c-49ec-8d72-39b964b770b2,1336675635,0,0,15
04e5c9d7-2788-4da5-bc77-f7f2ae73ccf1-2,ea436d39-fc6c-49ec-8d72-39b964b770b2,1336672155,0,0,15
04e5c9d7-2788-4da5-bc77-f7f2ae73ccf1-6,ea436d39-fc6c-49ec-8d72-39b964b770b2,1336672275,0,0,15
04e5c9d7-2788-4da5-bc77-f7f2ae73ccf1-10,ea436d39-fc6c-49ec-8d72-39b964b770b2,1336672395,0,0,15
04e5c9d7-2788-4da5-bc77-f7f2ae73ccf1-14,ea436d39-fc6c-49ec-8d72-39b964b770b2,1336672515,0,0,15
04e5c9d7-2788-4da5-bc77-f7f2ae73ccf1-18,ea436d39-fc6c-49ec-8d72-39b964b770b2,1336672635,0,0,15
04e5c9d7-2788-4da5-bc77-f7f2ae73ccf1-21,ea436d39-fc6c-49ec-8d72-39b964b770b2,1336672755,0,0,15
04e5c9d7-2788-4da5-bc77-f7f2ae73ccf1-24,ea436d39-fc6c-49ec-8d72-39b964b770b2,1336672875,0,0,15
04e5c9d7-2788-4da5-bc77-f7f2ae73ccf1-28,ea436d39-fc6c-49ec-8d72-39b964b770b2,1336672995,0,0,15
04e5c9d7-2788-4da5-bc77-f7f2ae73ccf1-32,ea436d39-fc6c-49ec-8d72-39b964b770b2,1336673115,0,0,15
04e5c9d7-2788-4da5-bc77-f7f2ae73ccf1-35,ea436d39-fc6c-49ec-8d72-39b964b770b2,1336673235,0,0,15
04e5c9d7-2788-4da5-bc77-f7f2ae73ccf1-39,ea436d39-fc6c-49ec-8d72-39b964b770b2,1336673355,0,0,15
2523b53d-8ec3-4b7c-962e-6372aea65e29-2,ea436d39-fc6c-49ec-8d72-39b964b770b2,1336677075,0,0,15
2523b53d-8ec3-4b7c-962e-6372aea65e29-6,ea436d39-fc6c-49ec-8d72-39b964b770b2,1336677195,0,0,15
2523b53d-8ec3-4b7c-962e-6372aea65e29-9,ea436d39-fc6c-49ec-8d72-39b964b770b2,1336677315,0,0,15
2523b53d-8ec3-4b7c-962e-6372aea65e29-12,ea436d39-fc6c-49ec-8d72-39b964b770b2,1336677435,0,0,15
2523b53d-8ec3-4b7c-962e-6372aea65e29-16,ea436d39-fc6c-49ec-8d72-39b964b770b2,1336677555,0,0,15
2523b53d-8ec3-4b7c-962e-6372aea65e29-20,ea436d39-fc6c-49ec-8d72-39b964b770b2,1336677675,0,0,15
2523b53d-8ec3-4b7c-962e-6372aea65e29-24,ea436d39-fc6c-49ec-8d72-39b964b770b2,1336677795,0,0,15
2523b53d-8ec3-4b7c-962e-6372aea65e29-27,ea436d39-fc6c-49ec-8d72-39b964b770b2,1336677915,0,0,15
2523b53d-8ec3-4b7c-962e-6372aea65e29-30,ea436d39-fc6c-49ec-8d72-39b964b770b2,1336678035,0,0,15
2523b53d-8ec3-4b7c-962e-6372aea65e29-34,ea436d39-fc6c-49ec-8d72-39b964b770b2,1336678155,0,0,15
2523b53d-8ec3-4b7c-962e-6372aea65e29-37,ea436d39-fc6c-49ec-8d72-39b964b770b2,1336678275,0,0,15
2523b53d-8ec3-4b7c-962e-6372aea65e29-40,ea436d39-fc6c-49ec-8d72-39b964b770b2,1336678395,0,0,15
2523b53d-8ec3-4b7c-962e-6372aea65e29-43,ea436d39-fc6c-49ec-8d72-39b964b770b2,1336678515,0,0,15
2523b53d-8ec3-4b7c-962e-6372aea65e29-46,ea436d39-fc6c-49ec-8d72-39b964b770b2,1336678635,0,0,15
2523b53d-8ec3-4b7c-962e-6372aea65e29-50,ea436d39-fc6c-49ec-8d72-39b964b770b2,1336678755,0,0,15
2523b53d-8ec3-4b7c-962e-6372aea65e29-53,ea436d39-fc6c-49ec-8d72-39b964b770b2,1336678875,0,0,15
2523b53d-8ec3-4b7c-962e-6372aea65e29-58,ea436d39-fc6c-49ec-8d72-39b964b770b2,1336678995,0,0,15
2523b53d-8ec3-4b7c-962e-6372aea65e29-61,ea436d39-fc6c-49ec-8d72-39b964b770b2,1336679115,0,0,15
2523b53d-8ec3-4b7c-962e-6372aea65e29-64,ea436d39-fc6c-49ec-8d72-39b964b770b2,1336679235,0,0,15
896223eb-e22f-4368-859b-e18ff89abe8a-2,ea436d39-fc6c-49ec-8d72-39b964b770b2,1336675755,0,0,15
896223eb-e22f-4368-859b-e18ff89abe8a-5,ea436d39-fc6c-49ec-8d72-39b964b770b2,1336675875,0,0,15
896223eb-e22f-4368-859b-e18ff89abe8a-9,ea436d39-fc6c-49ec-8d72-39b964b770b2,1336675995,0,0,15
896223eb-e22f-4368-859b-e18ff89abe8a-12,ea436d39-fc6c-49ec-8d72-39b964b770b2,1336676126,0,0,4
896223eb-e22f-4368-859b-e18ff89abe8a-15,ea436d39-fc6c-49ec-8d72-39b964b770b2,1336676235,0,0,15
896223eb-e22f-4368-859b-e18ff89abe8a-19,ea436d39-fc6c-49ec-8d72-39b964b770b2,1336676355,0,0,15
896223eb-e22f-4368-859b-e18ff89abe8a-22,ea436d39-fc6c-49ec-8d72-39b964b770b2,1336676475,1,0,15
896223eb-e22f-4368-859b-e18ff89abe8a-26,ea436d39-fc6c-49ec-8d72-39b964b770b2,1336676595,0,0,15
896223eb-e22f-4368-859b-e18ff89abe8a-29,ea436d39-fc6c-49ec-8d72-39b964b770b2,1336676715,0,0,15
896223eb-e22f-4368-859b-e18ff89abe8a-33,ea436d39-fc6c-49ec-8d72-39b964b770b2,1336676847,0,0,3
896223eb-e22f-4368-859b-e18ff89abe8a-37,ea436d39-fc6c-49ec-8d72-39b964b770b2,1336676955,0,0,15
da645ddd-3dc8-434e-9a17-e71bf7882f03-2,ea436d39-fc6c-49ec-8d72-39b964b770b2,1336680675,0,0,15
da645ddd-3dc8-434e-9a17-e71bf7882f03-7,ea436d39-fc6c-49ec-8d72-39b964b770b2,1336680801,0,0,9
da645ddd-3dc8-434e-9a17-e71bf7882f03-11,ea436d39-fc6c-49ec-8d72-39b964b770b2,1336680915,0,0,15
da645ddd-3dc8-434e-9a17-e71bf7882f03-15,ea436d39-fc6c-49ec-8d72-39b964b770b2,1336681059,0,0,3
da645ddd-3dc8-434e-9a17-e71bf7882f03-18,ea436d39-fc6c-49ec-8d72-39b964b770b2,1336681381,0,0,9
da645ddd-3dc8-434e-9a17-e71bf7882f03-21,ea436d39-fc6c-49ec-8d72-39b964b770b2,1336681495,0,0,15
da645ddd-3dc8-434e-9a17-e71bf7882f03-23,ea436d39-fc6c-49ec-8d72-39b964b770b2,1336681615,0,0,15
da645ddd-3dc8-434e-9a17-e71bf7882f03-27,ea436d39-fc6c-49ec-8d72-39b964b770b2,1336681979,0,0,10
da645ddd-3dc8-434e-9a17-e71bf7882f03-29,ea436d39-fc6c-49ec-8d72-39b964b770b2,1336682094,0,0,15
da645ddd-3dc8-434e-9a17-e71bf7882f03-31,ea436d39-fc6c-49ec-8d72-39b964b770b2,1336682214,0,0,15
da645ddd-3dc8-434e-9a17-e71bf7882f03-34,ea436d39-fc6c-49ec-8d72-39b964b770b2,1336682454,0,0,4
da645ddd-3dc8-434e-9a17-e71bf7882f03-37,ea436d39-fc6c-49ec-8d72-39b964b770b2,1336682586,0,0,3
da645ddd-3dc8-434e-9a17-e71bf7882f03-40,ea436d39-fc6c-49ec-8d72-39b964b770b2,1336682886,0,0,4
aa1fe36b-9b73-4bb1-b709-117752d0f466-3,ea436d39-fc6c-49ec-8d72-39b964b770b2,1336682995,0,0,15
aa1fe36b-9b73-4bb1-b709-117752d0f466-6,ea436d39-fc6c-49ec-8d72-39b964b770b2,1336683115,0,0,15
aa1fe36b-9b73-4bb1-b709-117752d0f466-9,ea436d39-fc6c-49ec-8d72-39b964b770b2,1336683477,0,0,12
aa1fe36b-9b73-4bb1-b709-117752d0f466-11,ea436d39-fc6c-49ec-8d72-39b964b770b2,1336683594,0,0,15
aa1fe36b-9b73-4bb1-b709-117752d0f466-14,ea436d39-fc6c-49ec-8d72-39b964b770b2,1336683788,0,0,2
aa1fe36b-9b73-4bb1-b709-117752d0f466-16,ea436d39-fc6c-49ec-8d72-39b964b770b2,1336683895,1,0,15
aa1fe36b-9b73-4bb1-b709-117752d0f466-19,ea436d39-fc6c-49ec-8d72-39b964b770b2,1336684015,0,0,15
aa1fe36b-9b73-4bb1-b709-117752d0f466-22,ea436d39-fc6c-49ec-8d72-39b964b770b2,1336684382,0,0,7
aa1fe36b-9b73-4bb1-b709-117752d0f466-25,ea436d39-fc6c-49ec-8d72-39b964b770b2,1336684680,0,0,9
aa1fe36b-9b73-4bb1-b709-117752d0f466-28,ea436d39-fc6c-49ec-8d72-39b964b770b2,1336684980,0,0,9
aa1fe36b-9b73-4bb1-b709-117752d0f466-31,ea436d39-fc6c-49ec-8d72-39b964b770b2,1336685160,0,0,6
aa1fe36b-9b73-4bb1-b709-117752d0f466-34,ea436d39-fc6c-49ec-8d72-39b964b770b2,1336685286,0,0,4
aa1fe36b-9b73-4bb1-b709-117752d0f466-36,ea436d39-fc6c-49ec-8d72-39b964b770b2,1336685395,0,0,15
aa1fe36b-9b73-4bb1-b709-117752d0f466-39,ea436d39-fc6c-49ec-8d72-39b964b770b2,1336685584,0,0,6
aa1fe36b-9b73-4bb1-b709-117752d0f466-42,ea436d39-fc6c-49ec-8d72-39b964b770b2,1336685886,0,0,3
aa1fe36b-9b73-4bb1-b709-117752d0f466-44,ea436d39-fc6c-49ec-8d72-39b964b770b2,1336686053,0,0,5
aa1fe36b-9b73-4bb1-b709-117752d0f466-47,ea436d39-fc6c-49ec-8d72-39b964b770b2,1336686184,0,0,6
1f8d58b2-76a0-4986-a749-52a87082014e-2,ea436d39-fc6c-49ec-8d72-39b964b770b2,1336679355,0,0,15
1f8d58b2-76a0-4986-a749-52a87082014e-5,ea436d39-fc6c-49ec-8d72-39b964b770b2,1336679475,0,0,15
1f8d58b2-76a0-4986-a749-52a87082014e-9,ea436d39-fc6c-49ec-8d72-39b964b770b2,1336679595,0,0,15
1f8d58b2-76a0-4986-a749-52a87082014e-12,ea436d39-fc6c-49ec-8d72-39b964b770b2,1336679715,0,0,15
1f8d58b2-76a0-4986-a749-52a87082014e-14,ea436d39-fc6c-49ec-8d72-39b964b770b2,1336679835,0,0,15
1f8d58b2-76a0-4986-a749-52a87082014e-18,ea436d39-fc6c-49ec-8d72-39b964b770b2,1336679955,0,0,15
1f8d58b2-76a0-4986-a749-52a87082014e-21,ea436d39-fc6c-49ec-8d72-39b964b770b2,1336680075,0,0,15
1f8d58b2-76a0-4986-a749-52a87082014e-25,ea436d39-fc6c-49ec-8d72-39b964b770b2,1336680205,0,0,5
1f8d58b2-76a0-4986-a749-52a87082014e-29,ea436d39-fc6c-49ec-8d72-39b964b770b2,1336680315,0,0,15
1f8d58b2-76a0-4986-a749-52a87082014e-32,ea436d39-fc6c-49ec-8d72-39b964b770b2,1336680435,0,0,15
1f8d58b2-76a0-4986-a749-52a87082014e-36,ea436d39-fc6c-49ec-8d72-39b964b770b2,1336680555,0,0,15
03057db4-cf5b-43d5-81be-223778373d43-3,ea436d39-fc6c-49ec-8d72-39b964b770b2,1336686781,0,0,8
03057db4-cf5b-43d5-81be-223778373d43-6,ea436d39-fc6c-49ec-8d72-39b964b770b2,1336687081,0,0,8
03057db4-cf5b-43d5-81be-223778373d43-9,ea436d39-fc6c-49ec-8d72-39b964b770b2,1336687384,0,0,6
03057db4-cf5b-43d5-81be-223778373d43-12,ea436d39-fc6c-49ec-8d72-39b964b770b2,1336687564,0,0,4
03057db4-cf5b-43d5-81be-223778373d43-15,ea436d39-fc6c-49ec-8d72-39b964b770b2,1336687683,0,0,7
03057db4-cf5b-43d5-81be-223778373d43-18,ea436d39-fc6c-49ec-8d72-39b964b770b2,1336687795,0,0,15
03057db4-cf5b-43d5-81be-223778373d43-21,ea436d39-fc6c-49ec-8d72-39b964b770b2,1336687982,0,0,5
03057db4-cf5b-43d5-81be-223778373d43-24,ea436d39-fc6c-49ec-8d72-39b964b770b2,1336688286,0,0,4
03057db4-cf5b-43d5-81be-223778373d43-27,ea436d39-fc6c-49ec-8d72-39b964b770b2,1336688581,0,0,8
03057db4-cf5b-43d5-81be-223778373d43-31,ea436d39-fc6c-49ec-8d72-39b964b770b2,1336688884,0,0,6
03057db4-cf5b-43d5-81be-223778373d43-33,ea436d39-fc6c-49ec-8d72-39b964b770b2,1336689062,0,0,5
03057db4-cf5b-43d5-81be-223778373d43-36,ea436d39-fc6c-49ec-8d72-39b964b770b2,1336689183,0,0,6
03057db4-cf5b-43d5-81be-223778373d43-38,ea436d39-fc6c-49ec-8d72-39b964b770b2,1336689294,0,0,15
03057db4-cf5b-43d5-81be-223778373d43-41,ea436d39-fc6c-49ec-8d72-39b964b770b2,1336689414,0,0,15
03057db4-cf5b-43d5-81be-223778373d43-43,ea436d39-fc6c-49ec-8d72-39b964b770b2,1336689534,0,0,15
03057db4-cf5b-43d5-81be-223778373d43-46,ea436d39-fc6c-49ec-8d72-39b964b770b2,1336689786,0,0,4
03057db4-cf5b-43d5-81be-223778373d43-49,ea436d39-fc6c-49ec-8d72-39b964b770b2,1336689961,0,0,5
4e10c2c9-85c1-430b-851b-c7b7aabf13ac-1,ea436d39-fc6c-49ec-8d72-39b964b770b2,1336690085,0,0,1
4e10c2c9-85c1-430b-851b-c7b7aabf13ac-3,ea436d39-fc6c-49ec-8d72-39b964b770b2,1336690191,1,0,15
4e10c2c9-85c1-430b-851b-c7b7aabf13ac-6,ea436d39-fc6c-49ec-8d72-39b964b770b2,1336690385,0,0,5
4e10c2c9-85c1-430b-851b-c7b7aabf13ac-8,ea436d39-fc6c-49ec-8d72-39b964b770b2,1336690495,0,0,15
4e10c2c9-85c1-430b-851b-c7b7aabf13ac-11,ea436d39-fc6c-49ec-8d72-39b964b770b2,1336690615,0,0,15
4e10c2c9-85c1-430b-851b-c7b7aabf13ac-14,ea436d39-fc6c-49ec-8d72-39b964b770b2,1336690985,0,0,4
4e10c2c9-85c1-430b-851b-c7b7aabf13ac-17,ea436d39-fc6c-49ec-8d72-39b964b770b2,1336691280,0,0,9
4e10c2c9-85c1-430b-851b-c7b7aabf13ac-20,ea436d39-fc6c-49ec-8d72-39b964b770b2,1336691585,0,0,5
4e10c2c9-85c1-430b-851b-c7b7aabf13ac-22,ea436d39-fc6c-49ec-8d72-39b964b770b2,1336691695,0,0,15
4e10c2c9-85c1-430b-851b-c7b7aabf13ac-25,ea436d39-fc6c-49ec-8d72-39b964b770b2,1336691882,0,0,8
4e10c2c9-85c1-430b-851b-c7b7aabf13ac-29,ea436d39-fc6c-49ec-8d72-39b964b770b2,1336692181,0,0,8
4e10c2c9-85c1-430b-851b-c7b7aabf13ac-30,ea436d39-fc6c-49ec-8d72-39b964b770b2,1336692294,0,0,15
4e10c2c9-85c1-430b-851b-c7b7aabf13ac-34,ea436d39-fc6c-49ec-8d72-39b964b770b2,1336692486,0,0,3
4e10c2c9-85c1-430b-851b-c7b7aabf13ac-36,ea436d39-fc6c-49ec-8d72-39b964b770b2,1336692662,0,0,4
4e10c2c9-85c1-430b-851b-c7b7aabf13ac-39,ea436d39-fc6c-49ec-8d72-39b964b770b2,1336692786,0,0,4
4e10c2c9-85c1-430b-851b-c7b7aabf13ac-42,ea436d39-fc6c-49ec-8d72-39b964b770b2,1336692959,0,0,8
4e10c2c9-85c1-430b-851b-c7b7aabf13ac-45,ea436d39-fc6c-49ec-8d72-39b964b770b2,1336693087,0,0,3
4e10c2c9-85c1-430b-851b-c7b7aabf13ac-47,ea436d39-fc6c-49ec-8d72-39b964b770b2,1336693195,0,0,15
4e10c2c9-85c1-430b-851b-c7b7aabf13ac-51,ea436d39-fc6c-49ec-8d72-39b964b770b2,1336693384,0,0,4
4e10c2c9-85c1-430b-851b-c7b7aabf13ac-53,ea436d39-fc6c-49ec-8d72-39b964b770b2,1336693505,0,0,3
51311ed1-6770-43f2-91b1-06307f97397a-1,ea436d39-fc6c-49ec-8d72-39b964b770b2,1336693678,0,0,11
51311ed1-6770-43f2-91b1-06307f97397a-4,ea436d39-fc6c-49ec-8d72-39b964b770b2,1336693988,0,0,1
51311ed1-6770-43f2-91b1-06307f97397a-7,ea436d39-fc6c-49ec-8d72-39b964b770b2,1336694283,0,0,6
51311ed1-6770-43f2-91b1-06307f97397a-9,ea436d39-fc6c-49ec-8d72-39b964b770b2,1336694394,0,0,15
51311ed1-6770-43f2-91b1-06307f97397a-12,ea436d39-fc6c-49ec-8d72-39b964b770b2,1336694585,0,0,5
51311ed1-6770-43f2-91b1-06307f97397a-15,ea436d39-fc6c-49ec-8d72-39b964b770b2,1336694885,0,0,4
51311ed1-6770-43f2-91b1-06307f97397a-18,ea436d39-fc6c-49ec-8d72-39b964b770b2,1336695184,0,0,6
51311ed1-6770-43f2-91b1-06307f97397a-21,ea436d39-fc6c-49ec-8d72-39b964b770b2,1336695481,0,0,8
51311ed1-6770-43f2-91b1-06307f97397a-24,ea436d39-fc6c-49ec-8d72-39b964b770b2,1336695784,0,0,6
51311ed1-6770-43f2-91b1-06307f97397a-26,ea436d39-fc6c-49ec-8d72-39b964b770b2,1336695895,0,0,15
51311ed1-6770-43f2-91b1-06307f97397a-29,ea436d39-fc6c-49ec-8d72-39b964b770b2,1336696015,0,0,15
51311ed1-6770-43f2-91b1-06307f97397a-32,ea436d39-fc6c-49ec-8d72-39b964b770b2,1336696381,0,0,8
51311ed1-6770-43f2-91b1-06307f97397a-35,ea436d39-fc6c-49ec-8d72-39b964b770b2,1336696681,0,0,2
51311ed1-6770-43f2-91b1-06307f97397a-36,ea436d39-fc6c-49ec-8d72-39b964b770b2,1336696685,0,0,5
51311ed1-6770-43f2-91b1-06307f97397a-38,ea436d39-fc6c-49ec-8d72-39b964b770b2,1336696855,0,0,3
51311ed1-6770-43f2-91b1-06307f97397a-41,ea436d39-fc6c-49ec-8d72-39b964b770b2,1336696985,0,0,5
87ab2b78-9328-4c70-845a-9c0fba98d2d4-1,ea436d39-fc6c-49ec-8d72-39b964b770b2,1336697286,0,0,4
87ab2b78-9328-4c70-845a-9c0fba98d2d4-3,ea436d39-fc6c-49ec-8d72-39b964b770b2,1336697395,0,0,15
87ab2b78-9328-4c70-845a-9c0fba98d2d4-6,ea436d39-fc6c-49ec-8d72-39b964b770b2,1336697515,0,0,15
87ab2b78-9328-4c70-845a-9c0fba98d2d4-9,ea436d39-fc6c-49ec-8d72-39b964b770b2,1336697881,0,0,8
87ab2b78-9328-4c70-845a-9c0fba98d2d4-12,ea436d39-fc6c-49ec-8d72-39b964b770b2,1336698182,0,0,8
87ab2b78-9328-4c70-845a-9c0fba98d2d4-15,ea436d39-fc6c-49ec-8d72-39b964b770b2,1336698295,0,0,15
87ab2b78-9328-4c70-845a-9c0fba98d2d4-18,ea436d39-fc6c-49ec-8d72-39b964b770b2,1336698480,0,0,8
87ab2b78-9328-4c70-845a-9c0fba98d2d4-21,ea436d39-fc6c-49ec-8d72-39b964b770b2,1336698783,0,0,7
87ab2b78-9328-4c70-845a-9c0fba98d2d4-23,ea436d39-fc6c-49ec-8d72-39b964b770b2,1336698895,0,0,15
87ab2b78-9328-4c70-845a-9c0fba98d2d4-26,ea436d39-fc6c-49ec-8d72-39b964b770b2,1336699015,0,1,15
87ab2b78-9328-4c70-845a-9c0fba98d2d4-29,ea436d39-fc6c-49ec-8d72-39b964b770b2,1336699388,0,0,7
87ab2b78-9328-4c70-845a-9c0fba98d2d4-32,ea436d39-fc6c-49ec-8d72-39b964b770b2,1336699686,0,0,7
87ab2b78-9328-4c70-845a-9c0fba98d2d4-35,ea436d39-fc6c-49ec-8d72-39b964b770b2,1336699988,0,0,7
87ab2b78-9328-4c70-845a-9c0fba98d2d4-38,ea436d39-fc6c-49ec-8d72-39b964b770b2,1336700289,0,0,7
87ab2b78-9328-4c70-845a-9c0fba98d2d4-40,ea436d39-fc6c-49ec-8d72-39b964b770b2,1336700404,0,0,12
87ab2b78-9328-4c70-845a-9c0fba98d2d4-43,ea436d39-fc6c-49ec-8d72-39b964b770b2,1336700521,0,0,15
71339829-2ef9-4bde-91ac-d22a0b42d79c-1,ea436d39-fc6c-49ec-8d72-39b964b770b2,1336700888,0,0,8
71339829-2ef9-4bde-91ac-d22a0b42d79c-3,ea436d39-fc6c-49ec-8d72-39b964b770b2,1336701001,0,0,15
71339829-2ef9-4bde-91ac-d22a0b42d79c-5,ea436d39-fc6c-49ec-8d72-39b964b770b2,1336701121,0,0,15
71339829-2ef9-4bde-91ac-d22a0b42d79c-9,ea436d39-fc6c-49ec-8d72-39b964b770b2,1336701486,0,0,7
71339829-2ef9-4bde-91ac-d22a0b42d79c-12,ea436d39-fc6c-49ec-8d72-39b964b770b2,1336701788,0,0,7
71339829-2ef9-4bde-91ac-d22a0b42d79c-15,ea436d39-fc6c-49ec-8d72-39b964b770b2,1336702087,0,0,8
71339829-2ef9-4bde-91ac-d22a0b42d79c-18,ea436d39-fc6c-49ec-8d72-39b964b770b2,1336702200,0,0,15
71339829-2ef9-4bde-91ac-d22a0b42d79c-20,ea436d39-fc6c-49ec-8d72-39b964b770b2,1336702320,0,0,15
71339829-2ef9-4bde-91ac-d22a0b42d79c-24,ea436d39-fc6c-49ec-8d72-39b964b770b2,1336702690,0,0,9
71339829-2ef9-4bde-91ac-d22a0b42d79c-27,ea436d39-fc6c-49ec-8d72-39b964b770b2,1336702992,0,0,7
71339829-2ef9-4bde-91ac-d22a0b42d79c-29,ea436d39-fc6c-49ec-8d72-39b964b770b2,1336703107,0,0,12
71339829-2ef9-4bde-91ac-d22a0b42d79c-32,ea436d39-fc6c-49ec-8d72-39b964b770b2,1336703288,0,0,5
71339829-2ef9-4bde-91ac-d22a0b42d79c-34,ea436d39-fc6c-49ec-8d72-39b964b770b2,1336703407,0,0,6
71339829-2ef9-4bde-91ac-d22a0b42d79c-37,ea436d39-fc6c-49ec-8d72-39b964b770b2,1336703596,0,0,4
71339829-2ef9-4bde-91ac-d22a0b42d79c-40,ea436d39-fc6c-49ec-8d72-39b964b770b2,1336703766,0,0,11
71339829-2ef9-4bde-91ac-d22a0b42d79c-43,ea436d39-fc6c-49ec-8d72-39b964b770b2,1336703882,0,0,15
71339829-2ef9-4bde-91ac-d22a0b42d79c-46,ea436d39-fc6c-49ec-8d72-39b964b770b2,1336704191,0,0,9
71339829-2ef9-4bde-91ac-d22a0b42d79c-48,ea436d39-fc6c-49ec-8d72-39b964b770b2,1336704305,0,0,15
a7711dc9-3b79-4f09-ade6-c114336699f8-88,ea436d39-fc6c-49ec-8d72-39b964b770b2,1336707977,0,0,15
4d028412-d24d-4133-a26e-07f2ea4fe90d-1,ea436d39-fc6c-49ec-8d72-39b964b770b2,1336704493,0,0,7
4d028412-d24d-4133-a26e-07f2ea4fe90d-3,ea436d39-fc6c-49ec-8d72-39b964b770b2,1336704605,0,0,15
4d028412-d24d-4133-a26e-07f2ea4fe90d-6,ea436d39-fc6c-49ec-8d72-39b964b770b2,1336704726,0,0,14
4d028412-d24d-4133-a26e-07f2ea4fe90d-9,ea436d39-fc6c-49ec-8d72-39b964b770b2,1336705091,0,0,2
4d028412-d24d-4133-a26e-07f2ea4fe90d-12,ea436d39-fc6c-49ec-8d72-39b964b770b2,1336705394,0,0,6
4d028412-d24d-4133-a26e-07f2ea4fe90d-15,ea436d39-fc6c-49ec-8d72-39b964b770b2,1336705690,0,0,9
4d028412-d24d-4133-a26e-07f2ea4fe90d-17,ea436d39-fc6c-49ec-8d72-39b964b770b2,1336705804,0,0,15
4d028412-d24d-4133-a26e-07f2ea4fe90d-20,ea436d39-fc6c-49ec-8d72-39b964b770b2,1336706304,0,0,11
4d028412-d24d-4133-a26e-07f2ea4fe90d-23,ea436d39-fc6c-49ec-8d72-39b964b770b2,1336706420,0,0,15
4d028412-d24d-4133-a26e-07f2ea4fe90d-25,ea436d39-fc6c-49ec-8d72-39b964b770b2,1336706540,0,0,15
4d028412-d24d-4133-a26e-07f2ea4fe90d-28,ea436d39-fc6c-49ec-8d72-39b964b770b2,1336706728,0,0,4
4d028412-d24d-4133-a26e-07f2ea4fe90d-30,ea436d39-fc6c-49ec-8d72-39b964b770b2,1336706840,0,0,12
4d028412-d24d-4133-a26e-07f2ea4fe90d-33,ea436d39-fc6c-49ec-8d72-39b964b770b2,1336707024,0,0,8
4d028412-d24d-4133-a26e-07f2ea4fe90d-35,ea436d39-fc6c-49ec-8d72-39b964b770b2,1336707137,0,0,15
4d028412-d24d-4133-a26e-07f2ea4fe90d-39,ea436d39-fc6c-49ec-8d72-39b964b770b2,1336707257,0,1,15
4d028412-d24d-4133-a26e-07f2ea4fe90d-43,ea436d39-fc6c-49ec-8d72-39b964b770b2,1336707377,0,0,15
4d028412-d24d-4133-a26e-07f2ea4fe90d-46,ea436d39-fc6c-49ec-8d72-39b964b770b2,1336707504,0,0,8
4d028412-d24d-4133-a26e-07f2ea4fe90d-50,ea436d39-fc6c-49ec-8d72-39b964b770b2,1336707617,0,0,15
4d028412-d24d-4133-a26e-07f2ea4fe90d-53,ea436d39-fc6c-49ec-8d72-39b964b770b2,1336707737,0,0,15
4d028412-d24d-4133-a26e-07f2ea4fe90d-57,ea436d39-fc6c-49ec-8d72-39b964b770b2,1336707857,0,0,15
46461425-4eaa-47c9-8e23-3d4089635398-5,ea436d39-fc6c-49ec-8d72-39b964b770b2,1336708097,0,1,15
46461425-4eaa-47c9-8e23-3d4089635398-9,ea436d39-fc6c-49ec-8d72-39b964b770b2,1336708217,0,0,15
46461425-4eaa-47c9-8e23-3d4089635398-13,ea436d39-fc6c-49ec-8d72-39b964b770b2,1336708337,0,0,15
46461425-4eaa-47c9-8e23-3d4089635398-17,ea436d39-fc6c-49ec-8d72-39b964b770b2,1336708457,0,0,15
46461425-4eaa-47c9-8e23-3d4089635398-24,ea436d39-fc6c-49ec-8d72-39b964b770b2,1336708577,0,0,15
46461425-4eaa-47c9-8e23-3d4089635398-27,ea436d39-fc6c-49ec-8d72-39b964b770b2,1336708715,0,0,5
46461425-4eaa-47c9-8e23-3d4089635398-30,ea436d39-fc6c-49ec-8d72-39b964b770b2,1336708825,0,0,15
46461425-4eaa-47c9-8e23-3d4089635398-34,ea436d39-fc6c-49ec-8d72-39b964b770b2,1336708945,0,0,15
46461425-4eaa-47c9-8e23-3d4089635398-38,ea436d39-fc6c-49ec-8d72-39b964b770b2,1336709065,0,0,15
46461425-4eaa-47c9-8e23-3d4089635398-42,ea436d39-fc6c-49ec-8d72-39b964b770b2,1336709185,0,0,15
46461425-4eaa-47c9-8e23-3d4089635398-46,ea436d39-fc6c-49ec-8d72-39b964b770b2,1336709305,0,0,15
46461425-4eaa-47c9-8e23-3d4089635398-50,ea436d39-fc6c-49ec-8d72-39b964b770b2,1336709425,0,0,15
46461425-4eaa-47c9-8e23-3d4089635398-54,ea436d39-fc6c-49ec-8d72-39b964b770b2,1336709545,0,0,15
46461425-4eaa-47c9-8e23-3d4089635398-58,ea436d39-fc6c-49ec-8d72-39b964b770b2,1336709665,0,0,15
c709528b-1dc7-4719-b3f5-d9f0c3489bd4-3,ea436d39-fc6c-49ec-8d72-39b964b770b2,1336750469,5,0,6
c709528b-1dc7-4719-b3f5-d9f0c3489bd4-8,ea436d39-fc6c-49ec-8d72-39b964b770b2,1336750580,2,1,15
c709528b-1dc7-4719-b3f5-d9f0c3489bd4-12,ea436d39-fc6c-49ec-8d72-39b964b770b2,1336750700,2,2,15
c709528b-1dc7-4719-b3f5-d9f0c3489bd4-16,ea436d39-fc6c-49ec-8d72-39b964b770b2,1336750856,1,0,2
c709528b-1dc7-4719-b3f5-d9f0c3489bd4-21,ea436d39-fc6c-49ec-8d72-39b964b770b2,1336751031,3,0,4
c709528b-1dc7-4719-b3f5-d9f0c3489bd4-24,ea436d39-fc6c-49ec-8d72-39b964b770b2,1336751365,1,0,7
c709528b-1dc7-4719-b3f5-d9f0c3489bd4-27,ea436d39-fc6c-49ec-8d72-39b964b770b2,1336751657,2,0,5
c709528b-1dc7-4719-b3f5-d9f0c3489bd4-28,ea436d39-fc6c-49ec-8d72-39b964b770b2,1336751669,2,0,3
c709528b-1dc7-4719-b3f5-d9f0c3489bd4-31,ea436d39-fc6c-49ec-8d72-39b964b770b2,1336751967,0,2,5
c709528b-1dc7-4719-b3f5-d9f0c3489bd4-33,ea436d39-fc6c-49ec-8d72-39b964b770b2,1336752193,3,0,4
c709528b-1dc7-4719-b3f5-d9f0c3489bd4-37,ea436d39-fc6c-49ec-8d72-39b964b770b2,1336752302,0,0,15
c709528b-1dc7-4719-b3f5-d9f0c3489bd4-41,ea436d39-fc6c-49ec-8d72-39b964b770b2,1336752422,0,0,15
c709528b-1dc7-4719-b3f5-d9f0c3489bd4-46,ea436d39-fc6c-49ec-8d72-39b964b770b2,1336752542,0,0,15
c709528b-1dc7-4719-b3f5-d9f0c3489bd4-50,ea436d39-fc6c-49ec-8d72-39b964b770b2,1336752662,0,0,15
c709528b-1dc7-4719-b3f5-d9f0c3489bd4-53,ea436d39-fc6c-49ec-8d72-39b964b770b2,1336752782,0,0,15
c709528b-1dc7-4719-b3f5-d9f0c3489bd4-58,ea436d39-fc6c-49ec-8d72-39b964b770b2,1336752914,0,0,3
c709528b-1dc7-4719-b3f5-d9f0c3489bd4-62,ea436d39-fc6c-49ec-8d72-39b964b770b2,1336753022,1,0,15
c709528b-1dc7-4719-b3f5-d9f0c3489bd4-65,ea436d39-fc6c-49ec-8d72-39b964b770b2,1336753142,0,0,15
c709528b-1dc7-4719-b3f5-d9f0c3489bd4-69,ea436d39-fc6c-49ec-8d72-39b964b770b2,1336753262,9,5,15
c709528b-1dc7-4719-b3f5-d9f0c3489bd4-73,ea436d39-fc6c-49ec-8d72-39b964b770b2,1336753382,1,0,15
c709528b-1dc7-4719-b3f5-d9f0c3489bd4-77,ea436d39-fc6c-49ec-8d72-39b964b770b2,1336753502,0,0,15
d816fc3c-0f90-47fc-b3a3-e7b478098c45-3,ea436d39-fc6c-49ec-8d72-39b964b770b2,1336754942,0,0,15
d816fc3c-0f90-47fc-b3a3-e7b478098c45-7,ea436d39-fc6c-49ec-8d72-39b964b770b2,1336755062,0,0,15
d816fc3c-0f90-47fc-b3a3-e7b478098c45-10,ea436d39-fc6c-49ec-8d72-39b964b770b2,1336755182,0,0,15
d816fc3c-0f90-47fc-b3a3-e7b478098c45-15,ea436d39-fc6c-49ec-8d72-39b964b770b2,1336755302,0,0,15
d816fc3c-0f90-47fc-b3a3-e7b478098c45-18,ea436d39-fc6c-49ec-8d72-39b964b770b2,1336755422,0,0,15
d816fc3c-0f90-47fc-b3a3-e7b478098c45-21,ea436d39-fc6c-49ec-8d72-39b964b770b2,1336755542,0,0,15
d816fc3c-0f90-47fc-b3a3-e7b478098c45-26,ea436d39-fc6c-49ec-8d72-39b964b770b2,1336755662,0,0,15
d816fc3c-0f90-47fc-b3a3-e7b478098c45-29,ea436d39-fc6c-49ec-8d72-39b964b770b2,1336755782,0,0,15
e2cff983-f07c-4cbb-a7f3-868f8948928e-6,ea436d39-fc6c-49ec-8d72-39b964b770b2,1336755902,0,0,15
e2cff983-f07c-4cbb-a7f3-868f8948928e-9,ea436d39-fc6c-49ec-8d72-39b964b770b2,1336756022,0,0,15
e2cff983-f07c-4cbb-a7f3-868f8948928e-13,ea436d39-fc6c-49ec-8d72-39b964b770b2,1336756142,8,2,15
e2cff983-f07c-4cbb-a7f3-868f8948928e-17,ea436d39-fc6c-49ec-8d72-39b964b770b2,1336756272,0,1,5
e2cff983-f07c-4cbb-a7f3-868f8948928e-20,ea436d39-fc6c-49ec-8d72-39b964b770b2,1336756382,0,1,15
e2cff983-f07c-4cbb-a7f3-868f8948928e-24,ea436d39-fc6c-49ec-8d72-39b964b770b2,1336756502,0,0,15
e2cff983-f07c-4cbb-a7f3-868f8948928e-27,ea436d39-fc6c-49ec-8d72-39b964b770b2,1336756630,1,2,7
e2cff983-f07c-4cbb-a7f3-868f8948928e-32,ea436d39-fc6c-49ec-8d72-39b964b770b2,1336756742,0,0,15
e2cff983-f07c-4cbb-a7f3-868f8948928e-35,ea436d39-fc6c-49ec-8d72-39b964b770b2,1336756862,0,0,15
e2cff983-f07c-4cbb-a7f3-868f8948928e-39,ea436d39-fc6c-49ec-8d72-39b964b770b2,1336756992,0,0,5
e2cff983-f07c-4cbb-a7f3-868f8948928e-43,ea436d39-fc6c-49ec-8d72-39b964b770b2,1336757102,1,3,15
e2cff983-f07c-4cbb-a7f3-868f8948928e-47,ea436d39-fc6c-49ec-8d72-39b964b770b2,1336757222,0,0,15
e2cff983-f07c-4cbb-a7f3-868f8948928e-51,ea436d39-fc6c-49ec-8d72-39b964b770b2,1336757342,0,0,15
e2cff983-f07c-4cbb-a7f3-868f8948928e-54,ea436d39-fc6c-49ec-8d72-39b964b770b2,1336757462,0,0,15
e2cff983-f07c-4cbb-a7f3-868f8948928e-57,ea436d39-fc6c-49ec-8d72-39b964b770b2,1336757582,0,0,15
e2cff983-f07c-4cbb-a7f3-868f8948928e-62,ea436d39-fc6c-49ec-8d72-39b964b770b2,1336757702,2,1,15
e2cff983-f07c-4cbb-a7f3-868f8948928e-65,ea436d39-fc6c-49ec-8d72-39b964b770b2,1336757822,6,0,15
e2cff983-f07c-4cbb-a7f3-868f8948928e-70,ea436d39-fc6c-49ec-8d72-39b964b770b2,1336757942,4,1,15
e2cff983-f07c-4cbb-a7f3-868f8948928e-73,ea436d39-fc6c-49ec-8d72-39b964b770b2,1336758062,0,0,15
e2cff983-f07c-4cbb-a7f3-868f8948928e-77,ea436d39-fc6c-49ec-8d72-39b964b770b2,1336758182,1,0,15
e2cff983-f07c-4cbb-a7f3-868f8948928e-81,ea436d39-fc6c-49ec-8d72-39b964b770b2,1336758302,6,0,15
e2cff983-f07c-4cbb-a7f3-868f8948928e-84,ea436d39-fc6c-49ec-8d72-39b964b770b2,1336758422,14,0,15
20bd9c85-dd9d-41ac-acca-f45c09e8a6a1-5,ea436d39-fc6c-49ec-8d72-39b964b770b2,1336758542,1,1,15
d4c03703-7652-47b0-b17d-dabf1cab9c5f-4,ea436d39-fc6c-49ec-8d72-39b964b770b2,1336839334,13,1,15
d4c03703-7652-47b0-b17d-dabf1cab9c5f-7,ea436d39-fc6c-49ec-8d72-39b964b770b2,1336839454,1,0,15
6bfaeb7f-1d2e-44f9-b60b-8b85331eef2c-2,ea436d39-fc6c-49ec-8d72-39b964b770b2,1336839585,0,0,4
6bfaeb7f-1d2e-44f9-b60b-8b85331eef2c-6,ea436d39-fc6c-49ec-8d72-39b964b770b2,1336839694,0,0,15
6bfaeb7f-1d2e-44f9-b60b-8b85331eef2c-10,ea436d39-fc6c-49ec-8d72-39b964b770b2,1336839814,0,0,15
6bfaeb7f-1d2e-44f9-b60b-8b85331eef2c-13,ea436d39-fc6c-49ec-8d72-39b964b770b2,1336839934,0,0,15
6bfaeb7f-1d2e-44f9-b60b-8b85331eef2c-17,ea436d39-fc6c-49ec-8d72-39b964b770b2,1336840054,0,0,15
6bfaeb7f-1d2e-44f9-b60b-8b85331eef2c-21,ea436d39-fc6c-49ec-8d72-39b964b770b2,1336840174,1,0,15
6bfaeb7f-1d2e-44f9-b60b-8b85331eef2c-25,ea436d39-fc6c-49ec-8d72-39b964b770b2,1336840294,0,0,15
6bfaeb7f-1d2e-44f9-b60b-8b85331eef2c-29,ea436d39-fc6c-49ec-8d72-39b964b770b2,1336840414,0,0,15
6bfaeb7f-1d2e-44f9-b60b-8b85331eef2c-32,ea436d39-fc6c-49ec-8d72-39b964b770b2,1336840537,0,0,12
6bfaeb7f-1d2e-44f9-b60b-8b85331eef2c-35,ea436d39-fc6c-49ec-8d72-39b964b770b2,1336840654,0,0,15
6bfaeb7f-1d2e-44f9-b60b-8b85331eef2c-40,ea436d39-fc6c-49ec-8d72-39b964b770b2,1336840774,0,0,15
6bfaeb7f-1d2e-44f9-b60b-8b85331eef2c-44,ea436d39-fc6c-49ec-8d72-39b964b770b2,1336840894,0,0,15
6bfaeb7f-1d2e-44f9-b60b-8b85331eef2c-48,ea436d39-fc6c-49ec-8d72-39b964b770b2,1336841014,0,0,15
6bfaeb7f-1d2e-44f9-b60b-8b85331eef2c-52,ea436d39-fc6c-49ec-8d72-39b964b770b2,1336841134,0,0,15
6bfaeb7f-1d2e-44f9-b60b-8b85331eef2c-56,ea436d39-fc6c-49ec-8d72-39b964b770b2,1336841254,0,0,15
6bfaeb7f-1d2e-44f9-b60b-8b85331eef2c-60,ea436d39-fc6c-49ec-8d72-39b964b770b2,1336841385,0,0,4
6bfaeb7f-1d2e-44f9-b60b-8b85331eef2c-75,ea436d39-fc6c-49ec-8d72-39b964b770b2,1336841494,1,4,15
6bfaeb7f-1d2e-44f9-b60b-8b85331eef2c-81,ea436d39-fc6c-49ec-8d72-39b964b770b2,1336841614,3,1,15
6bfaeb7f-1d2e-44f9-b60b-8b85331eef2c-85,ea436d39-fc6c-49ec-8d72-39b964b770b2,1336841739,2,1,10
6bfaeb7f-1d2e-44f9-b60b-8b85331eef2c-89,ea436d39-fc6c-49ec-8d72-39b964b770b2,1336841854,1,1,15
6bfaeb7f-1d2e-44f9-b60b-8b85331eef2c-94,ea436d39-fc6c-49ec-8d72-39b964b770b2,1336841974,0,1,15
6bfaeb7f-1d2e-44f9-b60b-8b85331eef2c-98,ea436d39-fc6c-49ec-8d72-39b964b770b2,1336842094,1,1,15
6bfaeb7f-1d2e-44f9-b60b-8b85331eef2c-102,ea436d39-fc6c-49ec-8d72-39b964b770b2,1336842214,0,0,15
cbcce7c5-5ac7-48dc-82b8-51209ab09eee-3,ea436d39-fc6c-49ec-8d72-39b964b770b2,1336842934,0,0,15
cbcce7c5-5ac7-48dc-82b8-51209ab09eee-6,ea436d39-fc6c-49ec-8d72-39b964b770b2,1336843054,1,0,15
cbcce7c5-5ac7-48dc-82b8-51209ab09eee-11,ea436d39-fc6c-49ec-8d72-39b964b770b2,1336843174,3,0,15
cbcce7c5-5ac7-48dc-82b8-51209ab09eee-14,ea436d39-fc6c-49ec-8d72-39b964b770b2,1336843305,0,0,4
cbcce7c5-5ac7-48dc-82b8-51209ab09eee-19,ea436d39-fc6c-49ec-8d72-39b964b770b2,1336843414,8,2,15
cbcce7c5-5ac7-48dc-82b8-51209ab09eee-22,ea436d39-fc6c-49ec-8d72-39b964b770b2,1336843534,7,4,15
cbcce7c5-5ac7-48dc-82b8-51209ab09eee-26,ea436d39-fc6c-49ec-8d72-39b964b770b2,1336843654,0,0,15
cbcce7c5-5ac7-48dc-82b8-51209ab09eee-30,ea436d39-fc6c-49ec-8d72-39b964b770b2,1336843774,12,2,15
cbcce7c5-5ac7-48dc-82b8-51209ab09eee-34,ea436d39-fc6c-49ec-8d72-39b964b770b2,1336843894,0,1,15
cbcce7c5-5ac7-48dc-82b8-51209ab09eee-37,ea436d39-fc6c-49ec-8d72-39b964b770b2,1336844014,3,1,15
3ce82852-20de-4d1e-a8b2-44ef0d8b5884-4,ea436d39-fc6c-49ec-8d72-39b964b770b2,1336846534,0,0,15
3ce82852-20de-4d1e-a8b2-44ef0d8b5884-6,ea436d39-fc6c-49ec-8d72-39b964b770b2,1336846654,0,0,15
3ce82852-20de-4d1e-a8b2-44ef0d8b5884-10,ea436d39-fc6c-49ec-8d72-39b964b770b2,1336846774,0,0,15
3ce82852-20de-4d1e-a8b2-44ef0d8b5884-13,ea436d39-fc6c-49ec-8d72-39b964b770b2,1336846894,0,0,15
3ce82852-20de-4d1e-a8b2-44ef0d8b5884-17,ea436d39-fc6c-49ec-8d72-39b964b770b2,1336847014,0,0,15
3ce82852-20de-4d1e-a8b2-44ef0d8b5884-20,ea436d39-fc6c-49ec-8d72-39b964b770b2,1336847134,0,0,15
3ce82852-20de-4d1e-a8b2-44ef0d8b5884-23,ea436d39-fc6c-49ec-8d72-39b964b770b2,1336847254,0,0,15
3ce82852-20de-4d1e-a8b2-44ef0d8b5884-27,ea436d39-fc6c-49ec-8d72-39b964b770b2,1336847374,0,0,15
3ce82852-20de-4d1e-a8b2-44ef0d8b5884-30,ea436d39-fc6c-49ec-8d72-39b964b770b2,1336847494,0,0,15
3ce82852-20de-4d1e-a8b2-44ef0d8b5884-34,ea436d39-fc6c-49ec-8d72-39b964b770b2,1336847614,0,0,15
b5381793-24ee-4ecf-8271-6985f43af589-3,ea436d39-fc6c-49ec-8d72-39b964b770b2,1336850134,0,0,15
b5381793-24ee-4ecf-8271-6985f43af589-6,ea436d39-fc6c-49ec-8d72-39b964b770b2,1336850254,0,0,15
b5381793-24ee-4ecf-8271-6985f43af589-10,ea436d39-fc6c-49ec-8d72-39b964b770b2,1336850374,0,0,15
b5381793-24ee-4ecf-8271-6985f43af589-13,ea436d39-fc6c-49ec-8d72-39b964b770b2,1336850494,0,0,15
b5381793-24ee-4ecf-8271-6985f43af589-17,ea436d39-fc6c-49ec-8d72-39b964b770b2,1336850614,0,0,15
b5381793-24ee-4ecf-8271-6985f43af589-20,ea436d39-fc6c-49ec-8d72-39b964b770b2,1336850734,0,0,15
b5381793-24ee-4ecf-8271-6985f43af589-23,ea436d39-fc6c-49ec-8d72-39b964b770b2,1336850854,0,0,15
b5381793-24ee-4ecf-8271-6985f43af589-27,ea436d39-fc6c-49ec-8d72-39b964b770b2,1336850974,0,0,15
b5381793-24ee-4ecf-8271-6985f43af589-29,ea436d39-fc6c-49ec-8d72-39b964b770b2,1336851094,0,0,15
b5381793-24ee-4ecf-8271-6985f43af589-33,ea436d39-fc6c-49ec-8d72-39b964b770b2,1336851214,0,0,15
233f6774-4772-44b5-abaa-2ce37fdcfde5-3,ea436d39-fc6c-49ec-8d72-39b964b770b2,1336853734,0,0,15
233f6774-4772-44b5-abaa-2ce37fdcfde5-6,ea436d39-fc6c-49ec-8d72-39b964b770b2,1336853854,0,0,15
233f6774-4772-44b5-abaa-2ce37fdcfde5-10,ea436d39-fc6c-49ec-8d72-39b964b770b2,1336853974,1,0,15
233f6774-4772-44b5-abaa-2ce37fdcfde5-13,ea436d39-fc6c-49ec-8d72-39b964b770b2,1336854094,0,0,15
233f6774-4772-44b5-abaa-2ce37fdcfde5-18,ea436d39-fc6c-49ec-8d72-39b964b770b2,1336854223,0,0,6
233f6774-4772-44b5-abaa-2ce37fdcfde5-20,ea436d39-fc6c-49ec-8d72-39b964b770b2,1336854334,0,0,15
233f6774-4772-44b5-abaa-2ce37fdcfde5-23,ea436d39-fc6c-49ec-8d72-39b964b770b2,1336854454,0,0,15
233f6774-4772-44b5-abaa-2ce37fdcfde5-27,ea436d39-fc6c-49ec-8d72-39b964b770b2,1336854574,0,0,15
233f6774-4772-44b5-abaa-2ce37fdcfde5-30,ea436d39-fc6c-49ec-8d72-39b964b770b2,1336854694,0,0,15
233f6774-4772-44b5-abaa-2ce37fdcfde5-34,ea436d39-fc6c-49ec-8d72-39b964b770b2,1336854814,0,0,15
44f1f375-f88b-42e6-bf69-33764123090e-3,ea436d39-fc6c-49ec-8d72-39b964b770b2,1336857334,0,0,15
44f1f375-f88b-42e6-bf69-33764123090e-6,ea436d39-fc6c-49ec-8d72-39b964b770b2,1336857454,0,0,15
44f1f375-f88b-42e6-bf69-33764123090e-10,ea436d39-fc6c-49ec-8d72-39b964b770b2,1336857574,0,0,15
44f1f375-f88b-42e6-bf69-33764123090e-13,ea436d39-fc6c-49ec-8d72-39b964b770b2,1336857694,0,0,15
44f1f375-f88b-42e6-bf69-33764123090e-17,ea436d39-fc6c-49ec-8d72-39b964b770b2,1336857814,0,1,15
44f1f375-f88b-42e6-bf69-33764123090e-20,ea436d39-fc6c-49ec-8d72-39b964b770b2,1336857934,0,0,15
44f1f375-f88b-42e6-bf69-33764123090e-23,ea436d39-fc6c-49ec-8d72-39b964b770b2,1336858067,0,0,2
44f1f375-f88b-42e6-bf69-33764123090e-26,ea436d39-fc6c-49ec-8d72-39b964b770b2,1336858174,0,0,15
44f1f375-f88b-42e6-bf69-33764123090e-29,ea436d39-fc6c-49ec-8d72-39b964b770b2,1336858294,0,0,15
44f1f375-f88b-42e6-bf69-33764123090e-33,ea436d39-fc6c-49ec-8d72-39b964b770b2,1336858414,1,0,15
857b7e10-864a-4a86-9d2f-d4c7180fac9f-3,ea436d39-fc6c-49ec-8d72-39b964b770b2,1336860934,0,0,9
857b7e10-864a-4a86-9d2f-d4c7180fac9f-4,ea436d39-fc6c-49ec-8d72-39b964b770b2,1336860945,0,0,4
857b7e10-864a-4a86-9d2f-d4c7180fac9f-7,ea436d39-fc6c-49ec-8d72-39b964b770b2,1336861054,0,0,15
857b7e10-864a-4a86-9d2f-d4c7180fac9f-11,ea436d39-fc6c-49ec-8d72-39b964b770b2,1336861174,0,0,15
857b7e10-864a-4a86-9d2f-d4c7180fac9f-14,ea436d39-fc6c-49ec-8d72-39b964b770b2,1336861294,0,0,15
857b7e10-864a-4a86-9d2f-d4c7180fac9f-18,ea436d39-fc6c-49ec-8d72-39b964b770b2,1336861414,0,0,15
857b7e10-864a-4a86-9d2f-d4c7180fac9f-21,ea436d39-fc6c-49ec-8d72-39b964b770b2,1336861534,0,0,15
857b7e10-864a-4a86-9d2f-d4c7180fac9f-24,ea436d39-fc6c-49ec-8d72-39b964b770b2,1336861657,0,0,12
857b7e10-864a-4a86-9d2f-d4c7180fac9f-28,ea436d39-fc6c-49ec-8d72-39b964b770b2,1336861774,0,0,15
857b7e10-864a-4a86-9d2f-d4c7180fac9f-31,ea436d39-fc6c-49ec-8d72-39b964b770b2,1336861894,0,0,15
857b7e10-864a-4a86-9d2f-d4c7180fac9f-34,ea436d39-fc6c-49ec-8d72-39b964b770b2,1336862014,0,0,15
fd4c346f-3efa-4410-b64c-7b1ad60cd989-2,ea436d39-fc6c-49ec-8d72-39b964b770b2,1336864534,0,1,15
fd4c346f-3efa-4410-b64c-7b1ad60cd989-5,ea436d39-fc6c-49ec-8d72-39b964b770b2,1336864654,0,0,15
fd4c346f-3efa-4410-b64c-7b1ad60cd989-9,ea436d39-fc6c-49ec-8d72-39b964b770b2,1336864774,0,0,15
fd4c346f-3efa-4410-b64c-7b1ad60cd989-12,ea436d39-fc6c-49ec-8d72-39b964b770b2,1336864894,0,0,15
fd4c346f-3efa-4410-b64c-7b1ad60cd989-16,ea436d39-fc6c-49ec-8d72-39b964b770b2,1336865014,0,0,15
fd4c346f-3efa-4410-b64c-7b1ad60cd989-19,ea436d39-fc6c-49ec-8d72-39b964b770b2,1336865134,0,0,15
fd4c346f-3efa-4410-b64c-7b1ad60cd989-22,ea436d39-fc6c-49ec-8d72-39b964b770b2,1336865254,0,0,15
fd4c346f-3efa-4410-b64c-7b1ad60cd989-26,ea436d39-fc6c-49ec-8d72-39b964b770b2,1336865374,0,0,15
fd4c346f-3efa-4410-b64c-7b1ad60cd989-29,ea436d39-fc6c-49ec-8d72-39b964b770b2,1336865494,0,0,15
fd4c346f-3efa-4410-b64c-7b1ad60cd989-33,ea436d39-fc6c-49ec-8d72-39b964b770b2,1336865614,0,0,15
6677062f-d4d8-4f43-8ed8-018dc87c2395-2,ea436d39-fc6c-49ec-8d72-39b964b770b2,1336868134,0,0,15
6677062f-d4d8-4f43-8ed8-018dc87c2395-5,ea436d39-fc6c-49ec-8d72-39b964b770b2,1336868254,0,0,15
6677062f-d4d8-4f43-8ed8-018dc87c2395-10,ea436d39-fc6c-49ec-8d72-39b964b770b2,1336868374,0,0,15
6677062f-d4d8-4f43-8ed8-018dc87c2395-13,ea436d39-fc6c-49ec-8d72-39b964b770b2,1336868494,0,0,15
6677062f-d4d8-4f43-8ed8-018dc87c2395-17,ea436d39-fc6c-49ec-8d72-39b964b770b2,1336868614,0,0,15
6677062f-d4d8-4f43-8ed8-018dc87c2395-20,ea436d39-fc6c-49ec-8d72-39b964b770b2,1336868734,0,0,15
6677062f-d4d8-4f43-8ed8-018dc87c2395-23,ea436d39-fc6c-49ec-8d72-39b964b770b2,1336868854,0,0,15
6677062f-d4d8-4f43-8ed8-018dc87c2395-26,ea436d39-fc6c-49ec-8d72-39b964b770b2,1336868974,0,0,15
6677062f-d4d8-4f43-8ed8-018dc87c2395-29,ea436d39-fc6c-49ec-8d72-39b964b770b2,1336869094,0,0,15
6677062f-d4d8-4f43-8ed8-018dc87c2395-33,ea436d39-fc6c-49ec-8d72-39b964b770b2,1336869214,0,0,15
bdd390fb-a3c2-43fc-84cd-3f0a89a0723e-3,ea436d39-fc6c-49ec-8d72-39b964b770b2,1336871734,0,0,15
bdd390fb-a3c2-43fc-84cd-3f0a89a0723e-6,ea436d39-fc6c-49ec-8d72-39b964b770b2,1336871854,0,0,15
bdd390fb-a3c2-43fc-84cd-3f0a89a0723e-9,ea436d39-fc6c-49ec-8d72-39b964b770b2,1336871974,0,0,15
bdd390fb-a3c2-43fc-84cd-3f0a89a0723e-13,ea436d39-fc6c-49ec-8d72-39b964b770b2,1336872094,0,0,15
bdd390fb-a3c2-43fc-84cd-3f0a89a0723e-17,ea436d39-fc6c-49ec-8d72-39b964b770b2,1336872214,0,0,15
bdd390fb-a3c2-43fc-84cd-3f0a89a0723e-20,ea436d39-fc6c-49ec-8d72-39b964b770b2,1336872334,0,0,15
bdd390fb-a3c2-43fc-84cd-3f0a89a0723e-23,ea436d39-fc6c-49ec-8d72-39b964b770b2,1336872454,0,0,15
bdd390fb-a3c2-43fc-84cd-3f0a89a0723e-27,ea436d39-fc6c-49ec-8d72-39b964b770b2,1336872574,0,0,15
bdd390fb-a3c2-43fc-84cd-3f0a89a0723e-30,ea436d39-fc6c-49ec-8d72-39b964b770b2,1336872694,0,0,15
bdd390fb-a3c2-43fc-84cd-3f0a89a0723e-34,ea436d39-fc6c-49ec-8d72-39b964b770b2,1336872814,0,0,15
20776bbb-1433-4f21-bacf-669923f7eede-3,ea436d39-fc6c-49ec-8d72-39b964b770b2,1336875334,0,0,15
20776bbb-1433-4f21-bacf-669923f7eede-6,ea436d39-fc6c-49ec-8d72-39b964b770b2,1336875454,0,0,15
20776bbb-1433-4f21-bacf-669923f7eede-10,ea436d39-fc6c-49ec-8d72-39b964b770b2,1336875574,0,0,15
20776bbb-1433-4f21-bacf-669923f7eede-13,ea436d39-fc6c-49ec-8d72-39b964b770b2,1336875694,0,0,15
20776bbb-1433-4f21-bacf-669923f7eede-18,ea436d39-fc6c-49ec-8d72-39b964b770b2,1336875814,0,0,15
20776bbb-1433-4f21-bacf-669923f7eede-21,ea436d39-fc6c-49ec-8d72-39b964b770b2,1336875934,0,0,15
20776bbb-1433-4f21-bacf-669923f7eede-24,ea436d39-fc6c-49ec-8d72-39b964b770b2,1336876054,0,0,15
20776bbb-1433-4f21-bacf-669923f7eede-28,ea436d39-fc6c-49ec-8d72-39b964b770b2,1336876174,0,0,15
20776bbb-1433-4f21-bacf-669923f7eede-31,ea436d39-fc6c-49ec-8d72-39b964b770b2,1336876294,0,0,15
20776bbb-1433-4f21-bacf-669923f7eede-34,ea436d39-fc6c-49ec-8d72-39b964b770b2,1336876414,0,0,15
7e1394c0-5fdf-4b08-b58f-70e8dda6971f-2,ea436d39-fc6c-49ec-8d72-39b964b770b2,1336878934,0,0,15
7e1394c0-5fdf-4b08-b58f-70e8dda6971f-5,ea436d39-fc6c-49ec-8d72-39b964b770b2,1336879054,0,0,15
7e1394c0-5fdf-4b08-b58f-70e8dda6971f-9,ea436d39-fc6c-49ec-8d72-39b964b770b2,1336879174,0,0,15
7e1394c0-5fdf-4b08-b58f-70e8dda6971f-11,ea436d39-fc6c-49ec-8d72-39b964b770b2,1336879294,0,0,15
7e1394c0-5fdf-4b08-b58f-70e8dda6971f-15,ea436d39-fc6c-49ec-8d72-39b964b770b2,1336879414,0,1,15
7e1394c0-5fdf-4b08-b58f-70e8dda6971f-19,ea436d39-fc6c-49ec-8d72-39b964b770b2,1336879534,0,0,15
7e1394c0-5fdf-4b08-b58f-70e8dda6971f-22,ea436d39-fc6c-49ec-8d72-39b964b770b2,1336879654,0,0,15
7e1394c0-5fdf-4b08-b58f-70e8dda6971f-26,ea436d39-fc6c-49ec-8d72-39b964b770b2,1336879774,0,1,15
7e1394c0-5fdf-4b08-b58f-70e8dda6971f-29,ea436d39-fc6c-49ec-8d72-39b964b770b2,1336879894,0,0,15
7e1394c0-5fdf-4b08-b58f-70e8dda6971f-33,ea436d39-fc6c-49ec-8d72-39b964b770b2,1336880014,0,0,15
77a1b9fc-3323-42a5-9d71-dfca9c1b751d-3,ea436d39-fc6c-49ec-8d72-39b964b770b2,1336882534,0,0,15
77a1b9fc-3323-42a5-9d71-dfca9c1b751d-6,ea436d39-fc6c-49ec-8d72-39b964b770b2,1336882654,0,0,15
77a1b9fc-3323-42a5-9d71-dfca9c1b751d-10,ea436d39-fc6c-49ec-8d72-39b964b770b2,1336882774,0,0,15
77a1b9fc-3323-42a5-9d71-dfca9c1b751d-13,ea436d39-fc6c-49ec-8d72-39b964b770b2,1336882894,0,0,15
77a1b9fc-3323-42a5-9d71-dfca9c1b751d-17,ea436d39-fc6c-49ec-8d72-39b964b770b2,1336883014,0,0,15
77a1b9fc-3323-42a5-9d71-dfca9c1b751d-20,ea436d39-fc6c-49ec-8d72-39b964b770b2,1336883134,0,0,15
77a1b9fc-3323-42a5-9d71-dfca9c1b751d-23,ea436d39-fc6c-49ec-8d72-39b964b770b2,1336883254,0,0,15
77a1b9fc-3323-42a5-9d71-dfca9c1b751d-27,ea436d39-fc6c-49ec-8d72-39b964b770b2,1336883374,0,0,15
77a1b9fc-3323-42a5-9d71-dfca9c1b751d-30,ea436d39-fc6c-49ec-8d72-39b964b770b2,1336883494,0,0,15
77a1b9fc-3323-42a5-9d71-dfca9c1b751d-34,ea436d39-fc6c-49ec-8d72-39b964b770b2,1336883614,1,0,15
15817f54-2b59-4670-873a-a0d66d9296c4-4,ea436d39-fc6c-49ec-8d72-39b964b770b2,1336886134,0,0,15
15817f54-2b59-4670-873a-a0d66d9296c4-7,ea436d39-fc6c-49ec-8d72-39b964b770b2,1336886254,2,0,15
15817f54-2b59-4670-873a-a0d66d9296c4-13,ea436d39-fc6c-49ec-8d72-39b964b770b2,1336886374,0,0,15
15817f54-2b59-4670-873a-a0d66d9296c4-16,ea436d39-fc6c-49ec-8d72-39b964b770b2,1336886494,0,0,15
15817f54-2b59-4670-873a-a0d66d9296c4-21,ea436d39-fc6c-49ec-8d72-39b964b770b2,1336886614,0,0,15
15817f54-2b59-4670-873a-a0d66d9296c4-24,ea436d39-fc6c-49ec-8d72-39b964b770b2,1336886734,0,0,15
15817f54-2b59-4670-873a-a0d66d9296c4-28,ea436d39-fc6c-49ec-8d72-39b964b770b2,1336886854,0,0,15
15817f54-2b59-4670-873a-a0d66d9296c4-32,ea436d39-fc6c-49ec-8d72-39b964b770b2,1336886974,0,0,15
15817f54-2b59-4670-873a-a0d66d9296c4-36,ea436d39-fc6c-49ec-8d72-39b964b770b2,1336887094,0,0,15
15817f54-2b59-4670-873a-a0d66d9296c4-40,ea436d39-fc6c-49ec-8d72-39b964b770b2,1336887214,0,0,15
15817f54-2b59-4670-873a-a0d66d9296c4-42,ea436d39-fc6c-49ec-8d72-39b964b770b2,1336887424,0,0,2
2f3d6d22-140b-4744-981a-f71b916fc5cc-14,ea436d39-fc6c-49ec-8d72-39b964b770b2,1336887531,2,3,15
2f3d6d22-140b-4744-981a-f71b916fc5cc-16,ea436d39-fc6c-49ec-8d72-39b964b770b2,1336887651,1,1,15
813a4165-3b79-490b-a402-52caca1ec3c0-4,ea436d39-fc6c-49ec-8d72-39b964b770b2,1336887774,11,0,12
813a4165-3b79-490b-a402-52caca1ec3c0-8,ea436d39-fc6c-49ec-8d72-39b964b770b2,1336887891,14,0,15
813a4165-3b79-490b-a402-52caca1ec3c0-12,ea436d39-fc6c-49ec-8d72-39b964b770b2,1336888011,14,0,15
813a4165-3b79-490b-a402-52caca1ec3c0-17,ea436d39-fc6c-49ec-8d72-39b964b770b2,1336888131,14,0,15
813a4165-3b79-490b-a402-52caca1ec3c0-20,ea436d39-fc6c-49ec-8d72-39b964b770b2,1336888251,14,0,15
813a4165-3b79-490b-a402-52caca1ec3c0-24,ea436d39-fc6c-49ec-8d72-39b964b770b2,1336888371,14,0,15
813a4165-3b79-490b-a402-52caca1ec3c0-29,ea436d39-fc6c-49ec-8d72-39b964b770b2,1336888498,4,1,8
813a4165-3b79-490b-a402-52caca1ec3c0-32,ea436d39-fc6c-49ec-8d72-39b964b770b2,1336888611,0,0,15
813a4165-3b79-490b-a402-52caca1ec3c0-37,ea436d39-fc6c-49ec-8d72-39b964b770b2,1336888731,0,0,15
813a4165-3b79-490b-a402-52caca1ec3c0-40,ea436d39-fc6c-49ec-8d72-39b964b770b2,1336888851,0,0,15
813a4165-3b79-490b-a402-52caca1ec3c0-45,ea436d39-fc6c-49ec-8d72-39b964b770b2,1336888993,0,0,5
813a4165-3b79-490b-a402-52caca1ec3c0-47,ea436d39-fc6c-49ec-8d72-39b964b770b2,1336889103,0,0,15
813a4165-3b79-490b-a402-52caca1ec3c0-50,ea436d39-fc6c-49ec-8d72-39b964b770b2,1336889321,0,0,6
387747b0-955b-4895-8954-ecce1445c4eb-1,ea436d39-fc6c-49ec-8d72-39b964b770b2,1336889623,0,0,4
387747b0-955b-4895-8954-ecce1445c4eb-4,ea436d39-fc6c-49ec-8d72-39b964b770b2,1336889921,5,0,6
387747b0-955b-4895-8954-ecce1445c4eb-12,ea436d39-fc6c-49ec-8d72-39b964b770b2,1336890032,0,0,15
7699269a-7f47-4623-b353-fed7684497f2-3,ea436d39-fc6c-49ec-8d72-39b964b770b2,1336921106,0,2,15
1b61b35d-10b5-4029-850a-836c22308162-3,ea436d39-fc6c-49ec-8d72-39b964b770b2,1336921256,1,2,15
1b61b35d-10b5-4029-850a-836c22308162-7,ea436d39-fc6c-49ec-8d72-39b964b770b2,1336921413,0,2,4
1b61b35d-10b5-4029-850a-836c22308162-13,ea436d39-fc6c-49ec-8d72-39b964b770b2,1336921533,1,0,4
1b61b35d-10b5-4029-850a-836c22308162-17,ea436d39-fc6c-49ec-8d72-39b964b770b2,1336921642,5,1,15
1b61b35d-10b5-4029-850a-836c22308162-22,ea436d39-fc6c-49ec-8d72-39b964b770b2,1336921762,0,0,15
1b61b35d-10b5-4029-850a-836c22308162-26,ea436d39-fc6c-49ec-8d72-39b964b770b2,1336921882,0,0,15
1b61b35d-10b5-4029-850a-836c22308162-30,ea436d39-fc6c-49ec-8d72-39b964b770b2,1336922002,0,1,15
1b61b35d-10b5-4029-850a-836c22308162-34,ea436d39-fc6c-49ec-8d72-39b964b770b2,1336922122,7,2,15
1b61b35d-10b5-4029-850a-836c22308162-37,ea436d39-fc6c-49ec-8d72-39b964b770b2,1336922242,0,0,15
1b61b35d-10b5-4029-850a-836c22308162-41,ea436d39-fc6c-49ec-8d72-39b964b770b2,1336922362,0,0,15
1b61b35d-10b5-4029-850a-836c22308162-45,ea436d39-fc6c-49ec-8d72-39b964b770b2,1336922482,1,1,15
1b61b35d-10b5-4029-850a-836c22308162-49,ea436d39-fc6c-49ec-8d72-39b964b770b2,1336922602,0,0,15
1b61b35d-10b5-4029-850a-836c22308162-53,ea436d39-fc6c-49ec-8d72-39b964b770b2,1336922722,0,0,15
1b61b35d-10b5-4029-850a-836c22308162-60,ea436d39-fc6c-49ec-8d72-39b964b770b2,1336922842,0,0,15
e1f65cca-af9e-469c-80fa-4091607c45e4-6,ea436d39-fc6c-49ec-8d72-39b964b770b2,1336923014,0,2,14
e1f65cca-af9e-469c-80fa-4091607c45e4-10,ea436d39-fc6c-49ec-8d72-39b964b770b2,1336923133,7,2,15
e1f65cca-af9e-469c-80fa-4091607c45e4-13,ea436d39-fc6c-49ec-8d72-39b964b770b2,1336923253,0,5,15
e1f65cca-af9e-469c-80fa-4091607c45e4-17,ea436d39-fc6c-49ec-8d72-39b964b770b2,1336923373,3,0,15
e1f65cca-af9e-469c-80fa-4091607c45e4-21,ea436d39-fc6c-49ec-8d72-39b964b770b2,1336923523,12,0,13
e0a209a2-1e0e-40f8-ac98-1fecb9e7480f-2,ea436d39-fc6c-49ec-8d72-39b964b770b2,1336923730,0,0,13
e0a209a2-1e0e-40f8-ac98-1fecb9e7480f-8,ea436d39-fc6c-49ec-8d72-39b964b770b2,1336923859,0,0,7
e0a209a2-1e0e-40f8-ac98-1fecb9e7480f-10,ea436d39-fc6c-49ec-8d72-39b964b770b2,1336923982,0,0,10
e0a209a2-1e0e-40f8-ac98-1fecb9e7480f-14,ea436d39-fc6c-49ec-8d72-39b964b770b2,1336924116,0,0,10
e0a209a2-1e0e-40f8-ac98-1fecb9e7480f-18,ea436d39-fc6c-49ec-8d72-39b964b770b2,1336924313,0,1,5
e0a209a2-1e0e-40f8-ac98-1fecb9e7480f-23,ea436d39-fc6c-49ec-8d72-39b964b770b2,1336924423,0,0,15
e0a209a2-1e0e-40f8-ac98-1fecb9e7480f-27,ea436d39-fc6c-49ec-8d72-39b964b770b2,1336924543,5,1,15
e0a209a2-1e0e-40f8-ac98-1fecb9e7480f-31,ea436d39-fc6c-49ec-8d72-39b964b770b2,1336924663,0,0,15
e0a209a2-1e0e-40f8-ac98-1fecb9e7480f-35,ea436d39-fc6c-49ec-8d72-39b964b770b2,1336924783,0,0,15
e0a209a2-1e0e-40f8-ac98-1fecb9e7480f-39,ea436d39-fc6c-49ec-8d72-39b964b770b2,1336924903,0,0,15
e0a209a2-1e0e-40f8-ac98-1fecb9e7480f-43,ea436d39-fc6c-49ec-8d72-39b964b770b2,1336925023,0,0,15
e0a209a2-1e0e-40f8-ac98-1fecb9e7480f-47,ea436d39-fc6c-49ec-8d72-39b964b770b2,1336925143,0,0,15
e0a209a2-1e0e-40f8-ac98-1fecb9e7480f-51,ea436d39-fc6c-49ec-8d72-39b964b770b2,1336925263,0,0,15
e0a209a2-1e0e-40f8-ac98-1fecb9e7480f-54,ea436d39-fc6c-49ec-8d72-39b964b770b2,1336925383,0,0,15
e0a209a2-1e0e-40f8-ac98-1fecb9e7480f-57,ea436d39-fc6c-49ec-8d72-39b964b770b2,1336925503,0,0,15
e0a209a2-1e0e-40f8-ac98-1fecb9e7480f-62,ea436d39-fc6c-49ec-8d72-39b964b770b2,1336925623,0,0,15
e0a209a2-1e0e-40f8-ac98-1fecb9e7480f-66,ea436d39-fc6c-49ec-8d72-39b964b770b2,1336925743,0,0,15
430428a5-042b-485e-9279-af6f7a7018d2-2,ea436d39-fc6c-49ec-8d72-39b964b770b2,1336925863,0,0,15
430428a5-042b-485e-9279-af6f7a7018d2-6,ea436d39-fc6c-49ec-8d72-39b964b770b2,1336925983,0,0,15
430428a5-042b-485e-9279-af6f7a7018d2-9,ea436d39-fc6c-49ec-8d72-39b964b770b2,1336926103,0,0,15
430428a5-042b-485e-9279-af6f7a7018d2-14,ea436d39-fc6c-49ec-8d72-39b964b770b2,1336926223,0,0,15
430428a5-042b-485e-9279-af6f7a7018d2-17,ea436d39-fc6c-49ec-8d72-39b964b770b2,1336926343,0,0,15
430428a5-042b-485e-9279-af6f7a7018d2-21,ea436d39-fc6c-49ec-8d72-39b964b770b2,1336926463,0,1,15
430428a5-042b-485e-9279-af6f7a7018d2-24,ea436d39-fc6c-49ec-8d72-39b964b770b2,1336926583,0,0,15
430428a5-042b-485e-9279-af6f7a7018d2-28,ea436d39-fc6c-49ec-8d72-39b964b770b2,1336926703,1,0,15
430428a5-042b-485e-9279-af6f7a7018d2-32,ea436d39-fc6c-49ec-8d72-39b964b770b2,1336926823,2,3,15
430428a5-042b-485e-9279-af6f7a7018d2-36,ea436d39-fc6c-49ec-8d72-39b964b770b2,1336926943,2,2,15
430428a5-042b-485e-9279-af6f7a7018d2-40,ea436d39-fc6c-49ec-8d72-39b964b770b2,1336927073,0,0,5
430428a5-042b-485e-9279-af6f7a7018d2-44,ea436d39-fc6c-49ec-8d72-39b964b770b2,1336927183,0,0,15
430428a5-042b-485e-9279-af6f7a7018d2-48,ea436d39-fc6c-49ec-8d72-39b964b770b2,1336927303,2,0,15
430428a5-042b-485e-9279-af6f7a7018d2-52,ea436d39-fc6c-49ec-8d72-39b964b770b2,1336927423,1,0,15
430428a5-042b-485e-9279-af6f7a7018d2-55,ea436d39-fc6c-49ec-8d72-39b964b770b2,1336927543,4,5,15
430428a5-042b-485e-9279-af6f7a7018d2-59,ea436d39-fc6c-49ec-8d72-39b964b770b2,1336927663,3,1,15
06666aa1-c0b3-458e-9205-418d511297b8-1,ea436d39-fc6c-49ec-8d72-39b964b770b2,1336928143,0,1,15
de82c3b9-9221-4f0f-84ba-a3bf740060d0-2,ea436d39-fc6c-49ec-8d72-39b964b770b2,1336930086,1,3,15
de82c3b9-9221-4f0f-84ba-a3bf740060d0-6,ea436d39-fc6c-49ec-8d72-39b964b770b2,1336930206,3,3,15
de82c3b9-9221-4f0f-84ba-a3bf740060d0-9,ea436d39-fc6c-49ec-8d72-39b964b770b2,1336930326,0,0,15
de82c3b9-9221-4f0f-84ba-a3bf740060d0-13,ea436d39-fc6c-49ec-8d72-39b964b770b2,1336930446,0,0,15
de82c3b9-9221-4f0f-84ba-a3bf740060d0-16,ea436d39-fc6c-49ec-8d72-39b964b770b2,1336930566,0,0,15
de82c3b9-9221-4f0f-84ba-a3bf740060d0-21,ea436d39-fc6c-49ec-8d72-39b964b770b2,1336930686,0,0,15
de82c3b9-9221-4f0f-84ba-a3bf740060d0-24,ea436d39-fc6c-49ec-8d72-39b964b770b2,1336930806,0,0,15
de82c3b9-9221-4f0f-84ba-a3bf740060d0-28,ea436d39-fc6c-49ec-8d72-39b964b770b2,1336930926,0,0,15
de82c3b9-9221-4f0f-84ba-a3bf740060d0-33,ea436d39-fc6c-49ec-8d72-39b964b770b2,1336931096,0,0,3
de82c3b9-9221-4f0f-84ba-a3bf740060d0-36,ea436d39-fc6c-49ec-8d72-39b964b770b2,1336931294,0,0,5
de82c3b9-9221-4f0f-84ba-a3bf740060d0-39,ea436d39-fc6c-49ec-8d72-39b964b770b2,1336931415,0,0,4
de82c3b9-9221-4f0f-84ba-a3bf740060d0-42,ea436d39-fc6c-49ec-8d72-39b964b770b2,1336931596,0,0,3
de82c3b9-9221-4f0f-84ba-a3bf740060d0-44,ea436d39-fc6c-49ec-8d72-39b964b770b2,1336931704,0,0,15
de82c3b9-9221-4f0f-84ba-a3bf740060d0-47,ea436d39-fc6c-49ec-8d72-39b964b770b2,1336931895,0,0,4
de82c3b9-9221-4f0f-84ba-a3bf740060d0-49,ea436d39-fc6c-49ec-8d72-39b964b770b2,1336932026,0,0,2
de82c3b9-9221-4f0f-84ba-a3bf740060d0-52,ea436d39-fc6c-49ec-8d72-39b964b770b2,1336932194,0,0,5
de82c3b9-9221-4f0f-84ba-a3bf740060d0-55,ea436d39-fc6c-49ec-8d72-39b964b770b2,1336932494,0,0,5
de82c3b9-9221-4f0f-84ba-a3bf740060d0-57,ea436d39-fc6c-49ec-8d72-39b964b770b2,1336932604,0,0,15
1cf4e7a3-ca7c-4711-8921-0dc8663da56f-8,ea436d39-fc6c-49ec-8d72-39b964b770b2,1336928293,0,1,8
1cf4e7a3-ca7c-4711-8921-0dc8663da56f-10,ea436d39-fc6c-49ec-8d72-39b964b770b2,1336928406,0,0,15
1cf4e7a3-ca7c-4711-8921-0dc8663da56f-14,ea436d39-fc6c-49ec-8d72-39b964b770b2,1336928526,0,0,15
1cf4e7a3-ca7c-4711-8921-0dc8663da56f-18,ea436d39-fc6c-49ec-8d72-39b964b770b2,1336928646,0,0,15
1cf4e7a3-ca7c-4711-8921-0dc8663da56f-21,ea436d39-fc6c-49ec-8d72-39b964b770b2,1336928766,0,0,15
1cf4e7a3-ca7c-4711-8921-0dc8663da56f-26,ea436d39-fc6c-49ec-8d72-39b964b770b2,1336928886,0,0,15
1cf4e7a3-ca7c-4711-8921-0dc8663da56f-29,ea436d39-fc6c-49ec-8d72-39b964b770b2,1336929006,0,0,15
1cf4e7a3-ca7c-4711-8921-0dc8663da56f-32,ea436d39-fc6c-49ec-8d72-39b964b770b2,1336929126,0,0,15
1cf4e7a3-ca7c-4711-8921-0dc8663da56f-36,ea436d39-fc6c-49ec-8d72-39b964b770b2,1336929246,0,0,15
1cf4e7a3-ca7c-4711-8921-0dc8663da56f-40,ea436d39-fc6c-49ec-8d72-39b964b770b2,1336929366,0,0,15
1cf4e7a3-ca7c-4711-8921-0dc8663da56f-44,ea436d39-fc6c-49ec-8d72-39b964b770b2,1336929486,0,0,15
1cf4e7a3-ca7c-4711-8921-0dc8663da56f-48,ea436d39-fc6c-49ec-8d72-39b964b770b2,1336929606,9,3,15
1cf4e7a3-ca7c-4711-8921-0dc8663da56f-50,ea436d39-fc6c-49ec-8d72-39b964b770b2,1336929739,1,0,2
1cf4e7a3-ca7c-4711-8921-0dc8663da56f-55,ea436d39-fc6c-49ec-8d72-39b964b770b2,1336929846,8,5,15
1cf4e7a3-ca7c-4711-8921-0dc8663da56f-59,ea436d39-fc6c-49ec-8d72-39b964b770b2,1336929966,0,1,15
4165dbf5-87b4-4fb8-87c6-c02f9d78af34-4,ea436d39-fc6c-49ec-8d72-39b964b770b2,1336937639,0,0,15
4165dbf5-87b4-4fb8-87c6-c02f9d78af34-7,ea436d39-fc6c-49ec-8d72-39b964b770b2,1336937759,0,0,15
4165dbf5-87b4-4fb8-87c6-c02f9d78af34-11,ea436d39-fc6c-49ec-8d72-39b964b770b2,1336937879,0,0,15
4165dbf5-87b4-4fb8-87c6-c02f9d78af34-15,ea436d39-fc6c-49ec-8d72-39b964b770b2,1336937999,0,0,15
4165dbf5-87b4-4fb8-87c6-c02f9d78af34-18,ea436d39-fc6c-49ec-8d72-39b964b770b2,1336938119,0,0,15
4165dbf5-87b4-4fb8-87c6-c02f9d78af34-24,ea436d39-fc6c-49ec-8d72-39b964b770b2,1336938284,0,0,5
4165dbf5-87b4-4fb8-87c6-c02f9d78af34-26,ea436d39-fc6c-49ec-8d72-39b964b770b2,1336938394,0,0,15
4165dbf5-87b4-4fb8-87c6-c02f9d78af34-30,ea436d39-fc6c-49ec-8d72-39b964b770b2,1336938820,0,0,5
4165dbf5-87b4-4fb8-87c6-c02f9d78af34-32,ea436d39-fc6c-49ec-8d72-39b964b770b2,1336939015,0,0,4
4165dbf5-87b4-4fb8-87c6-c02f9d78af34-35,ea436d39-fc6c-49ec-8d72-39b964b770b2,1336939124,0,0,15
4165dbf5-87b4-4fb8-87c6-c02f9d78af34-38,ea436d39-fc6c-49ec-8d72-39b964b770b2,1336939421,0,0,4
4165dbf5-87b4-4fb8-87c6-c02f9d78af34-41,ea436d39-fc6c-49ec-8d72-39b964b770b2,1336939721,0,0,4
4165dbf5-87b4-4fb8-87c6-c02f9d78af34-43,ea436d39-fc6c-49ec-8d72-39b964b770b2,1336939830,0,0,15
8b439c10-99d2-4b05-9eca-c696b628f0f4-3,ea436d39-fc6c-49ec-8d72-39b964b770b2,1336939950,0,0,15
8b439c10-99d2-4b05-9eca-c696b628f0f4-7,ea436d39-fc6c-49ec-8d72-39b964b770b2,1336940322,0,0,3
8b439c10-99d2-4b05-9eca-c696b628f0f4-9,ea436d39-fc6c-49ec-8d72-39b964b770b2,1336940430,0,0,15
8b439c10-99d2-4b05-9eca-c696b628f0f4-12,ea436d39-fc6c-49ec-8d72-39b964b770b2,1336940620,0,0,5
8b439c10-99d2-4b05-9eca-c696b628f0f4-14,ea436d39-fc6c-49ec-8d72-39b964b770b2,1336940814,0,0,5
8b439c10-99d2-4b05-9eca-c696b628f0f4-18,ea436d39-fc6c-49ec-8d72-39b964b770b2,1336941229,0,0,6
8b439c10-99d2-4b05-9eca-c696b628f0f4-21,ea436d39-fc6c-49ec-8d72-39b964b770b2,1336941524,0,0,11
8b439c10-99d2-4b05-9eca-c696b628f0f4-24,ea436d39-fc6c-49ec-8d72-39b964b770b2,1336941833,0,0,3
8b439c10-99d2-4b05-9eca-c696b628f0f4-27,ea436d39-fc6c-49ec-8d72-39b964b770b2,1336942131,0,0,4
8b439c10-99d2-4b05-9eca-c696b628f0f4-30,ea436d39-fc6c-49ec-8d72-39b964b770b2,1336942430,0,0,6
8b439c10-99d2-4b05-9eca-c696b628f0f4-32,ea436d39-fc6c-49ec-8d72-39b964b770b2,1336942541,0,0,15
8b439c10-99d2-4b05-9eca-c696b628f0f4-36,ea436d39-fc6c-49ec-8d72-39b964b770b2,1336942721,0,0,4
8b439c10-99d2-4b05-9eca-c696b628f0f4-38,ea436d39-fc6c-49ec-8d72-39b964b770b2,1336942837,0,0,8
8b439c10-99d2-4b05-9eca-c696b628f0f4-41,ea436d39-fc6c-49ec-8d72-39b964b770b2,1336943031,0,0,4
8b439c10-99d2-4b05-9eca-c696b628f0f4-44,ea436d39-fc6c-49ec-8d72-39b964b770b2,1336943332,0,0,3
52d82beb-f307-4c37-8d23-3b5d466a4f58-2,ea436d39-fc6c-49ec-8d72-39b964b770b2,1336950708,0,0,11
52d82beb-f307-4c37-8d23-3b5d466a4f58-6,ea436d39-fc6c-49ec-8d72-39b964b770b2,1336950891,0,0,3
52d82beb-f307-4c37-8d23-3b5d466a4f58-9,ea436d39-fc6c-49ec-8d72-39b964b770b2,1336951125,0,0,10
52d82beb-f307-4c37-8d23-3b5d466a4f58-12,ea436d39-fc6c-49ec-8d72-39b964b770b2,1336951423,0,0,12
52d82beb-f307-4c37-8d23-3b5d466a4f58-14,ea436d39-fc6c-49ec-8d72-39b964b770b2,1336951614,0,0,5
52d82beb-f307-4c37-8d23-3b5d466a4f58-17,ea436d39-fc6c-49ec-8d72-39b964b770b2,1336951827,0,0,3
52d82beb-f307-4c37-8d23-3b5d466a4f58-20,ea436d39-fc6c-49ec-8d72-39b964b770b2,1336952033,0,0,3
52d82beb-f307-4c37-8d23-3b5d466a4f58-23,ea436d39-fc6c-49ec-8d72-39b964b770b2,1336952209,0,0,3
52d82beb-f307-4c37-8d23-3b5d466a4f58-26,ea436d39-fc6c-49ec-8d72-39b964b770b2,1336952332,0,0,3
52d82beb-f307-4c37-8d23-3b5d466a4f58-28,ea436d39-fc6c-49ec-8d72-39b964b770b2,1336952440,0,0,15
52d82beb-f307-4c37-8d23-3b5d466a4f58-32,ea436d39-fc6c-49ec-8d72-39b964b770b2,1336952579,0,0,2
52d82beb-f307-4c37-8d23-3b5d466a4f58-35,ea436d39-fc6c-49ec-8d72-39b964b770b2,1336952934,0,0,2
52d82beb-f307-4c37-8d23-3b5d466a4f58-37,ea436d39-fc6c-49ec-8d72-39b964b770b2,1336953041,0,0,15
52d82beb-f307-4c37-8d23-3b5d466a4f58-40,ea436d39-fc6c-49ec-8d72-39b964b770b2,1336953234,0,0,1
52d82beb-f307-4c37-8d23-3b5d466a4f58-42,ea436d39-fc6c-49ec-8d72-39b964b770b2,1336953410,0,0,9
52d82beb-f307-4c37-8d23-3b5d466a4f58-45,ea436d39-fc6c-49ec-8d72-39b964b770b2,1336953620,0,0,10
52d82beb-f307-4c37-8d23-3b5d466a4f58-48,ea436d39-fc6c-49ec-8d72-39b964b770b2,1336953831,0,0,4
52d82beb-f307-4c37-8d23-3b5d466a4f58-50,ea436d39-fc6c-49ec-8d72-39b964b770b2,1336953940,0,0,15
52d82beb-f307-4c37-8d23-3b5d466a4f58-53,ea436d39-fc6c-49ec-8d72-39b964b770b2,1336954060,0,0,15
b7fd8d41-779d-4ac2-a15a-05d7bb3c050a-2,ea436d39-fc6c-49ec-8d72-39b964b770b2,1336936319,0,0,15
b7fd8d41-779d-4ac2-a15a-05d7bb3c050a-7,ea436d39-fc6c-49ec-8d72-39b964b770b2,1336936446,0,0,8
b7fd8d41-779d-4ac2-a15a-05d7bb3c050a-9,ea436d39-fc6c-49ec-8d72-39b964b770b2,1336936559,0,0,15
b7fd8d41-779d-4ac2-a15a-05d7bb3c050a-14,ea436d39-fc6c-49ec-8d72-39b964b770b2,1336936679,0,0,15
b7fd8d41-779d-4ac2-a15a-05d7bb3c050a-18,ea436d39-fc6c-49ec-8d72-39b964b770b2,1336936799,0,0,15
b7fd8d41-779d-4ac2-a15a-05d7bb3c050a-21,ea436d39-fc6c-49ec-8d72-39b964b770b2,1336936919,0,0,15
b7fd8d41-779d-4ac2-a15a-05d7bb3c050a-25,ea436d39-fc6c-49ec-8d72-39b964b770b2,1336937052,0,0,2
b7fd8d41-779d-4ac2-a15a-05d7bb3c050a-29,ea436d39-fc6c-49ec-8d72-39b964b770b2,1336937159,0,0,15
b7fd8d41-779d-4ac2-a15a-05d7bb3c050a-34,ea436d39-fc6c-49ec-8d72-39b964b770b2,1336937279,0,0,15
b7fd8d41-779d-4ac2-a15a-05d7bb3c050a-38,ea436d39-fc6c-49ec-8d72-39b964b770b2,1336937399,0,0,15
b7fd8d41-779d-4ac2-a15a-05d7bb3c050a-41,ea436d39-fc6c-49ec-8d72-39b964b770b2,1336937519,0,0,15
066cbd75-f5e0-4d27-b0ca-736ee512b28e-1,ea436d39-fc6c-49ec-8d72-39b964b770b2,1336965101,0,0,15
066cbd75-f5e0-4d27-b0ca-736ee512b28e-4,ea436d39-fc6c-49ec-8d72-39b964b770b2,1336965221,0,0,15
066cbd75-f5e0-4d27-b0ca-736ee512b28e-6,ea436d39-fc6c-49ec-8d72-39b964b770b2,1336965341,0,0,15
066cbd75-f5e0-4d27-b0ca-736ee512b28e-8,ea436d39-fc6c-49ec-8d72-39b964b770b2,1336965461,0,0,15
066cbd75-f5e0-4d27-b0ca-736ee512b28e-12,ea436d39-fc6c-49ec-8d72-39b964b770b2,1336965599,0,0,4
066cbd75-f5e0-4d27-b0ca-736ee512b28e-14,ea436d39-fc6c-49ec-8d72-39b964b770b2,1336965767,0,0,4
066cbd75-f5e0-4d27-b0ca-736ee512b28e-19,ea436d39-fc6c-49ec-8d72-39b964b770b2,1336965876,0,0,15
066cbd75-f5e0-4d27-b0ca-736ee512b28e-22,ea436d39-fc6c-49ec-8d72-39b964b770b2,1336965996,0,0,15
